regime,seed,repetition,workload_fingerprint,checksum,misses,oracle_zero_cost_ops_sec,oracle_pairing,expected_perfect_rebuilds,static_regional_ops_sec,static_regional_vs_static,static_regional_rebuild_count,static_regional_rebuild_total_ms,static_regional_rebuild_share,static_regional_raw_file,perfect_v1_ops_sec,perfect_v1_vs_static,perfect_v1_rebuild_count,perfect_v1_rebuild_total_ms,perfect_v1_rebuild_share,perfect_v1_raw_file,perfect_v2_ops_sec,perfect_v2_vs_static,perfect_v2_rebuild_count,perfect_v2_rebuild_total_ms,perfect_v2_rebuild_share,perfect_v2_raw_file,adapt_v1_ops_sec,adapt_v1_vs_static,adapt_v1_rebuild_count,adapt_v1_rebuild_total_ms,adapt_v1_rebuild_share,adapt_v1_raw_file,adapt_v2_ops_sec,adapt_v2_vs_static,adapt_v2_rebuild_count,adapt_v2_rebuild_total_ms,adapt_v2_rebuild_share,adapt_v2_raw_file,actuation_loss_v1_ops_sec,actuation_penalty_v1_us_per_op,online_control_loss_v1_ops_sec,online_control_penalty_v1_us_per_op,actuation_loss_v2_ops_sec,actuation_penalty_v2_us_per_op,online_control_loss_v2_ops_sec,online_control_penalty_v2_us_per_op
zero,11,0,13397308253582045103,3264573316780284715,0,6333007.801955294,seed/workload paired; oracle timing repetition=0,16,6199241.15584951,1.0,0,0,0.0,raw/kaggle/selected_zero/f410f7064c081e00/dynamic_selected_zero/32631b9f8e6adaddbdb9edc2.csv,802526.464379529,0.12945559693580838,16,1047.757602,0.840853203859834,raw/kaggle/perfect_zero/f410f7064c081e00/dynamic_perfect_zero/8b3849b0a2fab46c2a873b92.csv,3122324.37291495,0.5036623506683188,16,121.346108,0.3788819105667696,raw/kaggle/perfect_zero/f410f7064c081e00/dynamic_perfect_zero/4ac1db474a5e8427e655860a.csv,3166339.30042956,0.5107624015306858,2,95.077067,0.3010462538116748,raw/kaggle/selected_zero/f410f7064c081e00/dynamic_selected_zero/3a4517609fbd97ea0354b6a7.csv,4899485.36736603,0.790336307975848,0,0,0.0,raw/kaggle/selected_zero/f410f7064c081e00/dynamic_selected_zero/9f63c7009f3d7aea140c7123.csv,5530481.337575765,1.0881619740000008,-2363812.836050031,-0.9302427040000003,3210683.429040344,0.1623713659999999,-1777160.99445108,-0.11617114999999975
zero,11,1,13397308253582045103,3264573316780284715,0,6333007.801955294,seed/workload paired; oracle timing repetition=0,16,6267045.89480543,1.0,0,0,0.0,raw/kaggle/selected_zero/f410f7064c081e00/dynamic_selected_zero/12137996a28dd075f5e875ce.csv,808557.244638467,0.12901728473197496,16,1035.262149,0.8370687106739384,raw/kaggle/perfect_zero/f410f7064c081e00/dynamic_perfect_zero/c67fb742faba6fa5c8a1373e.csv,3111111.11525926,0.496423860217454,16,122.831263,0.38214170762063343,raw/kaggle/perfect_zero/f410f7064c081e00/dynamic_perfect_zero/877185f1e3c656d7de728252.csv,3137056.71871013,0.5005638655543186,2,95.265038,0.29885182751607625,raw/kaggle/selected_zero/f410f7064c081e00/dynamic_selected_zero/c790af14696d42d45e250e1c.csv,5411194.35963074,0.8634362106899393,0,0,0.0,raw/kaggle/selected_zero/f410f7064c081e00/dynamic_selected_zero/7549ad5be311f5e0241e2952.csv,5524450.557316827,1.0788679590000008,-2328499.474071663,-0.9180006750000003,3221896.686696034,0.16352571799999993,-2300083.2443714803,-0.13662648600000005
zero,11,2,13397308253582045103,3264573316780284715,0,6333007.801955294,seed/workload paired; oracle timing repetition=0,16,6334263.07857943,1.0,0,0,0.0,raw/kaggle/selected_zero/f410f7064c081e00/dynamic_selected_zero/2da90849e285f0948d5aeef5.csv,806912.199688279,0.12738848855473228,16,1036.774991,0.8365863885696058,raw/kaggle/perfect_zero/f410f7064c081e00/dynamic_perfect_zero/a470af8db1aeff8717bd7802.csv,3126335.9028709,0.49355952919657325,16,122.008003,0.38143800021648006,raw/kaggle/perfect_zero/f410f7064c081e00/dynamic_perfect_zero/bffb3ae7a77170c5bd9ec48a.csv,3136771.14542442,0.4952069572279111,2,94.846865,0.2975129093659651,raw/kaggle/selected_zero/f410f7064c081e00/dynamic_selected_zero/0d7d3d5738d0aeaaf5a53bb2.csv,5487055.24927453,0.866249977496214,0,0,0.0,raw/kaggle/selected_zero/f410f7064c081e00/dynamic_selected_zero/f8dbb57e866857f9b0beb7de.csv,5526095.602267015,1.0813893530000003,-2329858.945736141,-0.9204930480000004,3206671.899084394,0.16196040899999958,-2360719.3464036305,-0.1376161449999995
zero,11,3,13397308253582045103,3264573316780284715,0,6333007.801955294,seed/workload paired; oracle timing repetition=0,16,6384637.52015367,1.0,0,0,0.0,raw/kaggle/selected_zero/f410f7064c081e00/dynamic_selected_zero/a5dbe1d5951a07405798adde.csv,794188.27001715,0.12439050259474009,16,1038.499275,0.8247639426263144,raw/kaggle/perfect_zero/f410f7064c081e00/dynamic_perfect_zero/ca89c14163e319369d290265.csv,3144206.79991442,0.49246441790774415,16,120.30148,0.3782527314557686,raw/kaggle/perfect_zero/f410f7064c081e00/dynamic_perfect_zero/54bb40e1c97c8ff8ef105fbf.csv,3164689.51845084,0.49567254342336886,2,95.010666,0.30067925883123386,raw/kaggle/selected_zero/f410f7064c081e00/dynamic_selected_zero/e131cfa56ec7b68ab53fabef.csv,5552963.67890863,0.8697382837130866,0,0,0.0,raw/kaggle/selected_zero/f410f7064c081e00/dynamic_selected_zero/ed3293b7bcd45a53c36dd811.csv,5538819.531938144,1.1012444270000001,-2370501.24843369,-0.9431605159999998,3188801.0020408737,0.16014238499999994,-2408756.87899421,-0.13796122200000008
zero,11,4,13397308253582045103,3264573316780284715,0,6333007.801955294,seed/workload paired; oracle timing repetition=0,16,6363518.77159448,1.0,0,0,0.0,raw/kaggle/selected_zero/f410f7064c081e00/dynamic_selected_zero/39e1449736eec31aef7eb191.csv,802271.131374936,0.12607350746824533,16,1040.691864,0.8349170391439709,raw/kaggle/perfect_zero/f410f7064c081e00/dynamic_perfect_zero/65b568d93e1588ff2d656caa.csv,3127457.9473873,0.49146675913767535,16,122.108338,0.38188869212035476,raw/kaggle/perfect_zero/f410f7064c081e00/dynamic_perfect_zero/73b10c784f2062a437815eab.csv,3175228.05948528,0.4989736297563677,2,94.611736,0.30041383890381373,raw/kaggle/selected_zero/f410f7064c081e00/dynamic_selected_zero/059b944a3a44a374062cae8d.csv,5606371.77158623,0.8810175584948365,0,0,0.0,raw/kaggle/selected_zero/f410f7064c081e00/dynamic_selected_zero/b91f97b92383a4af57aaef84.csv,5530736.670580358,1.0885585500000001,-2372956.928110344,-0.9315233949999999,3205549.854567994,0.16184565100000003,-2478913.82419893,-0.14138002599999996
zero,11,5,13397308253582045103,3264573316780284715,0,6333007.801955294,seed/workload paired; oracle timing repetition=0,16,6235183.91700651,1.0,0,0,0.0,raw/kaggle/selected_zero/f410f7064c081e00/dynamic_selected_zero/d80749d065b90bda486a5ea3.csv,816121.079292412,0.13088965620828533,16,1026.896578,0.8380719435590445,raw/kaggle/perfect_zero/f410f7064c081e00/dynamic_perfect_zero/fedc7437418e6ef6f9256aa9.csv,3131356.28140269,0.5022075247631257,16,122.436004,0.38339075019524477,raw/kaggle/perfect_zero/f410f7064c081e00/dynamic_perfect_zero/953d796f750fe6c7b02a68e8.csv,3103634.89742845,0.49776156385111,2,96.751762,0.3002821449308919,raw/kaggle/selected_zero/f410f7064c081e00/dynamic_selected_zero/c92fc8692ccbfe99e17c8f82.csv,5554948.39969547,0.8909036964482006,0,0,0.0,raw/kaggle/selected_zero/f410f7064c081e00/dynamic_selected_zero/fdf942e86fcf50c00896a5fb.csv,5516886.722662882,1.0674055299999998,-2287513.8181360383,-0.9031055359999997,3201651.520552604,0.1614475849999999,-2423592.11829278,-0.13933076399999994
zero,11,6,13397308253582045103,3264573316780284715,0,6333007.801955294,seed/workload paired; oracle timing repetition=0,16,6318897.34685235,1.0,0,0,0.0,raw/kaggle/selected_zero/f410f7064c081e00/dynamic_selected_zero/6e799a6514daa1461ca9b6dd.csv,815922.477142795,0.12912418612864993,16,1026.226545,0.8373213047060917,raw/kaggle/perfect_zero/f410f7064c081e00/dynamic_perfect_zero/eec6a5c8969a5384b1187172.csv,3085088.24233166,0.4882320558456996,16,124.774791,0.3849412406534899,raw/kaggle/perfect_zero/f410f7064c081e00/dynamic_perfect_zero/8ad4d8626164ac563e7304c2.csv,3093339.61108047,0.48953787999442083,2,95.639465,0.2958453454670446,raw/kaggle/selected_zero/f410f7064c081e00/dynamic_selected_zero/4eb31a0ad7de3b097ec3926f.csv,5439189.26838819,0.8607813942566465,0,0,0.0,raw/kaggle/selected_zero/f410f7064c081e00/dynamic_selected_zero/7970839244df5d6ce659aa59.csv,5517085.324812499,1.0677037799999995,-2277417.133937675,-0.9023314269999991,3247919.559623634,0.16623698399999975,-2354101.0260565304,-0.1402889079999996
zero,11,7,13397308253582045103,3264573316780284715,0,6333007.801955294,seed/workload paired; oracle timing repetition=0,16,6171622.66790348,1.0,0,0,0.0,raw/kaggle/selected_zero/f410f7064c081e00/dynamic_selected_zero/6293a96fcfb11ed24e2e1c8d.csv,802855.988045147,0.13008831408642807,16,1032.806891,0.8291951969336412,raw/kaggle/perfect_zero/f410f7064c081e00/dynamic_perfect_zero/b2140d7c55e0736bf72aa792.csv,3110653.19116358,0.5040251743420793,16,122.903337,0.3823096574437033,raw/kaggle/perfect_zero/f410f7064c081e00/dynamic_perfect_zero/99d97f848a24f64728755d90.csv,3075448.18660196,0.49832083912004616,2,96.566412,0.2969849966720575,raw/kaggle/selected_zero/f410f7064c081e00/dynamic_selected_zero/8ad87209822709917845c2ea.csv,5541021.76330495,0.8978225114315442,0,0,0.0,raw/kaggle/selected_zero/f410f7064c081e00/dynamic_selected_zero/b041419089f33482dc46ba18.csv,5530151.813910147,1.0876505399999996,-2272592.198556813,-0.9203975329999998,3222354.610791714,0.1635730360000004,-2430368.57214137,-0.14100375900000042
zero,11,8,13397308253582045103,3264573316780284715,0,6333007.801955294,seed/workload paired; oracle timing repetition=0,16,6210809.17303722,1.0,0,0,0.0,raw/kaggle/selected_zero/f410f7064c081e00/dynamic_selected_zero/9d75793d86e2dd9e9e8af284.csv,810275.049283461,0.13046207453951109,16,1032.976888,0.8369953988328757,raw/kaggle/perfect_zero/f410f7064c081e00/dynamic_perfect_zero/a2615cca4557880625be7b8f.csv,3104810.07982305,0.4999042787052385,16,121.851786,0.37832665341724153,raw/kaggle/perfect_zero/f410f7064c081e00/dynamic_perfect_zero/86b03a86fde077f288b78bb3.csv,3048836.48228954,0.4908919912602295,2,95.788165,0.2920424520235701,raw/kaggle/selected_zero/f410f7064c081e00/dynamic_selected_zero/2c1bdcb36a8db37e05a57d13.csv,5376492.57549656,0.8656670050075519,0,0,0.0,raw/kaggle/selected_zero/f410f7064c081e00/dynamic_selected_zero/4acfe16d6fc2f426135a6c08.csv,5522732.752671833,1.0762459719999995,-2238561.433006079,-0.9061548489999993,3228197.7221322437,0.16417803900000022,-2271682.49567351,-0.1360860290000002
zero,11,9,13397308253582045103,3264573316780284715,0,6333007.801955294,seed/workload paired; oracle timing repetition=0,16,6141144.49083117,1.0,0,0,0.0,raw/kaggle/selected_zero/f410f7064c081e00/dynamic_selected_zero/f8e7cf7af0a3c8beaf4bd82a.csv,805359.545359718,0.13114160504807093,16,1035.266764,0.8337619703810665,raw/kaggle/perfect_zero/f410f7064c081e00/dynamic_perfect_zero/25e8f8784e4f51eff586c465.csv,3073241.05990565,0.5004345793351792,16,124.912242,0.38388543099927064,raw/kaggle/perfect_zero/f410f7064c081e00/dynamic_perfect_zero/78354cd0cbf5c4812342f105.csv,3057318.79623086,0.49784186006297154,2,98.030459,0.29971036490383907,raw/kaggle/selected_zero/f410f7064c081e00/dynamic_selected_zero/6c1c545626688fca9f162ab0.csv,5119722.45697856,0.8336756226176392,0,0,0.0,raw/kaggle/selected_zero/f410f7064c081e00/dynamic_selected_zero/344e848cf8f3afe05a93fa05.csv,5527648.256595576,1.083778587,-2251959.250871142,-0.9145974599999995,3259766.742049644,0.16748652599999958,-2046481.3970729103,-0.1300662909999995
zero,23,0,11429642840055943053,15383926403400385888,0,6509982.244023429,seed/workload paired; oracle timing repetition=0,16,6203573.31033677,1.0,0,0,0.0,raw/kaggle/selected_zero/f410f7064c081e00/dynamic_selected_zero/442fbf7c6af683290fef9cef.csv,801932.828125542,0.12926950130327516,16,1039.123355,0.8333071308464516,raw/kaggle/perfect_zero/f410f7064c081e00/dynamic_perfect_zero/4815e7634bc34712570b9921.csv,3160180.6818136,0.5094129663218319,16,120.225474,0.37993422039668273,raw/kaggle/perfect_zero/f410f7064c081e00/dynamic_perfect_zero/22414314c081f051be815385.csv,3013194.98573981,0.4857192516318042,2,98.977011,0.29823703324871437,raw/kaggle/selected_zero/f410f7064c081e00/dynamic_selected_zero/4d3864b0e12e2dec9a3486c5.csv,5354577.0681145,0.8631439978620675,0,0,0.0,raw/kaggle/selected_zero/f410f7064c081e00/dynamic_selected_zero/540aeeed49aa4743e36ddc02.csv,5708049.415897887,1.0933769850000001,-2211262.157614268,-0.9151135909999998,3349801.562209829,0.16282735299999956,-2194396.3863008996,-0.1296814899999996
zero,23,1,11429642840055943053,15383926403400385888,0,6509982.244023429,seed/workload paired; oracle timing repetition=0,16,6172746.07670753,1.0,0,0,0.0,raw/kaggle/selected_zero/f410f7064c081e00/dynamic_selected_zero/9be63fc98d26791f20a67b0f.csv,809359.906742832,0.13111828944283013,16,1032.681761,0.8358112137779837,raw/kaggle/perfect_zero/f410f7064c081e00/dynamic_perfect_zero/59b012ea5ca30520ba628084.csv,3092160.66430199,0.5009376095948713,16,122.473199,0.37870680837902937,raw/kaggle/perfect_zero/f410f7064c081e00/dynamic_perfect_zero/49a215382d5649427f9698a4.csv,3119357.71551217,0.50534359857809,2,97.587263,0.3044095817747657,raw/kaggle/selected_zero/f410f7064c081e00/dynamic_selected_zero/8ba96f748ab046b529326e6d.csv,5457325.24734549,0.884100071431476,0,0,0.0,raw/kaggle/selected_zero/f410f7064c081e00/dynamic_selected_zero/412a5abd649348d32ad1961b.csv,5700622.337280598,1.081934026,-2309997.808769338,-0.9149654609999998,3417821.579721439,0.16978821099999958,-2365164.5830435003,-0.1401585119999996
zero,23,2,11429642840055943053,15383926403400385888,0,6509982.244023429,seed/workload paired; oracle timing repetition=0,16,6313143.26984205,1.0,0,0,0.0,raw/kaggle/selected_zero/f410f7064c081e00/dynamic_selected_zero/65307a10f73bb948e5735824.csv,808005.601204716,0.12798784482914669,16,1038.579285,0.8391778795751895,raw/kaggle/perfect_zero/f410f7064c081e00/dynamic_perfect_zero/c70edd5008308acb01d0a247.csv,3090820.47090455,0.4895850353451396,16,123.283184,0.3810461888254921,raw/kaggle/perfect_zero/f410f7064c081e00/dynamic_perfect_zero/4b984e9b4a987f63d598eee4.csv,3134304.34896984,0.4964728685855181,2,95.202478,0.29839354082810504,raw/kaggle/selected_zero/f410f7064c081e00/dynamic_selected_zero/d43102c86e55c6b3e0e096b3.csv,5462171.45031899,0.8652063190790932,0,0,0.0,raw/kaggle/selected_zero/f410f7064c081e00/dynamic_selected_zero/a9b8f21fd843c887f4e5aa69.csv,5701976.642818714,1.0840049330000003,-2326298.747765124,-0.9185651200000009,3419161.773118879,0.1699284379999999,-2371350.97941444,-0.14046131500000006
zero,23,3,11429642840055943053,15383926403400385888,0,6509982.244023429,seed/workload paired; oracle timing repetition=0,16,6266274.7688296,1.0,0,0,0.0,raw/kaggle/selected_zero/f410f7064c081e00/dynamic_selected_zero/105545fa68e8483ca58c3469.csv,804615.372260206,0.12840410003445957,16,1041.523516,0.8380258315440986,raw/kaggle/perfect_zero/f410f7064c081e00/dynamic_perfect_zero/783be49cd2bb3d7e1f323e4c.csv,3109567.14054231,0.49623855564238334,16,122.278024,0.380231725440844,raw/kaggle/perfect_zero/f410f7064c081e00/dynamic_perfect_zero/f04ad95c6eaf8222b015fa83.csv,3076966.36273911,0.491035978512289,2,97.344133,0.2995246228510021,raw/kaggle/selected_zero/f410f7064c081e00/dynamic_selected_zero/94de32f7443039430a6ac04b.csv,5571720.88221314,0.8891600013980575,0,0,0.0,raw/kaggle/selected_zero/f410f7064c081e00/dynamic_selected_zero/af5c026d9d75880c6dd03402.csv,5705366.871763223,1.089219597,-2272350.990478904,-0.9178344190000002,3400415.103481119,0.167977918,-2462153.7416708297,-0.14211040500000016
zero,23,4,11429642840055943053,15383926403400385888,0,6509982.244023429,seed/workload paired; oracle timing repetition=0,16,6188264.67264937,1.0,0,0,0.0,raw/kaggle/selected_zero/f410f7064c081e00/dynamic_selected_zero/9c4918c597bbeaa1ab1d66c3.csv,808818.196028897,0.13070193968976107,16,1033.632082,0.8360204359208329,raw/kaggle/perfect_zero/f410f7064c081e00/dynamic_perfect_zero/9f23c5d3a2e583b14f7e2699.csv,3123480.66091951,0.5047425774667553,16,121.434235,0.37929748459605533,raw/kaggle/perfect_zero/f410f7064c081e00/dynamic_perfect_zero/7efa9ba37a32d3018d5d624b.csv,3052679.03814504,0.4933013049097822,2,97.455418,0.2975001116822626,raw/kaggle/selected_zero/f410f7064c081e00/dynamic_selected_zero/c7bb3590834bfe0d4d96d24b.csv,5403246.58934243,0.8731440678714779,0,0,0.0,raw/kaggle/selected_zero/f410f7064c081e00/dynamic_selected_zero/e960722d927d896cb0cd9ee3.csv,5701164.047994533,1.0827615389999998,-2243860.842116143,-0.9087906750000001,3386501.5831039194,0.16654540600000023,-2279765.9284229204,-0.1350817410000004
zero,23,5,11429642840055943053,15383926403400385888,0,6509982.244023429,seed/workload paired; oracle timing repetition=0,16,6175254.98384297,1.0,0,0,0.0,raw/kaggle/selected_zero/f410f7064c081e00/dynamic_selected_zero/723603d7d74dc26b5f45ad71.csv,812667.132309764,0.1316005791560087,16,1027.502761,0.8350177222222345,raw/kaggle/perfect_zero/f410f7064c081e00/dynamic_perfect_zero/26c08ebb30bb5473923975ad.csv,3132993.96137032,0.5073464933136417,16,120.112586,0.3763120066225728,raw/kaggle/perfect_zero/f410f7064c081e00/dynamic_perfect_zero/e8386edb9f56af11d20ff595.csv,3122547.05388794,0.5056547562906826,2,96.632156,0.3017384540286398,raw/kaggle/selected_zero/f410f7064c081e00/dynamic_selected_zero/21d8b50741bd64ccced2e3db.csv,5420814.58363916,0.8778284617918225,0,0,0.0,raw/kaggle/selected_zero/f410f7064c081e00/dynamic_selected_zero/2001d222b572c189582abf5c.csv,5697315.111713666,1.0769058619999994,-2309879.921578176,-0.9102647329999995,3376988.282653109,0.16557325699999959,-2287820.6222688397,-0.13470938699999965
zero,23,6,11429642840055943053,15383926403400385888,0,6509982.244023429,seed/workload paired; oracle timing repetition=0,16,6278278.58315501,1.0,0,0,0.0,raw/kaggle/selected_zero/f410f7064c081e00/dynamic_selected_zero/de9a7eca7d440193a62de157.csv,804785.33731334,0.1281856685163074,16,1037.535545,0.8349933935574052,raw/kaggle/perfect_zero/f410f7064c081e00/dynamic_perfect_zero/b717e6d23933ebb4558e00d1.csv,3134816.62929312,0.49931148925184954,16,121.185085,0.3798930196803004,raw/kaggle/perfect_zero/f410f7064c081e00/dynamic_perfect_zero/21d5328888ac86509a9b76dc.csv,3129718.02057491,0.4984993862763795,2,95.136016,0.29774890368090295,raw/kaggle/selected_zero/f410f7064c081e00/dynamic_selected_zero/13cd124afdebacabaee5905b.csv,5518377.87591367,0.878963525243974,0,0,0.0,raw/kaggle/selected_zero/f410f7064c081e00/dynamic_selected_zero/2cf3942de9392f8b347824f8.csv,5705196.906710089,1.0889571200000001,-2324932.68326157,-0.9230497670000002,3375165.614730309,0.16538767500000018,-2383561.2466205503,-0.1377852530000003
zero,23,7,11429642840055943053,15383926403400385888,0,6509982.244023429,seed/workload paired; oracle timing repetition=0,16,6389749.77810156,1.0,0,0,0.0,raw/kaggle/selected_zero/f410f7064c081e00/dynamic_selected_zero/1e16f78e77630561481c0d91.csv,797826.602257114,0.12486038263835646,16,1047.361319,0.8356127224732999,raw/kaggle/perfect_zero/f410f7064c081e00/dynamic_perfect_zero/7d61c663ee3fbbd3303b942f.csv,3056754.15216264,0.4783840147604064,16,124.902,0.38179470711341756,raw/kaggle/perfect_zero/f410f7064c081e00/dynamic_perfect_zero/d8d6b867a72333a594cb48f5.csv,3144831.99851463,0.4921682550531708,2,95.5632,0.30053020924045354,raw/kaggle/selected_zero/f410f7064c081e00/dynamic_selected_zero/08d831ee8a9d60b1ee8705d4.csv,5494877.69699038,0.8599519367443755,0,0,0.0,raw/kaggle/selected_zero/f410f7064c081e00/dynamic_selected_zero/97cebe55245c54910731a1bc.csv,5712155.641766315,1.0997949350000007,-2347005.396257516,-0.9354231750000004,3453228.0918607893,0.17353414899999953,-2438123.54482774,-0.14515672699999965
zero,23,8,11429642840055943053,15383926403400385888,0,6509982.244023429,seed/workload paired; oracle timing repetition=0,16,6195935.314014,1.0,0,0,0.0,raw/kaggle/selected_zero/f410f7064c081e00/dynamic_selected_zero/afb4dc58b13a22bf4a431fab.csv,793882.547498439,0.12812957322243684,16,1048.11495,0.8320801665771994,raw/kaggle/perfect_zero/f410f7064c081e00/dynamic_perfect_zero/aad948feab07fee0c463f513.csv,3059347.75476824,0.4937668971218261,16,124.567207,0.3810944050532006,raw/kaggle/perfect_zero/f410f7064c081e00/dynamic_perfect_zero/0e5492ec0659f65e0a9bfaca.csv,3116767.41923831,0.5030342089254529,2,96.447417,0.3006041669752916,raw/kaggle/selected_zero/f410f7064c081e00/dynamic_selected_zero/de2a0fd1d5fe3c8ef93586ce.csv,5544629.18606751,0.8948817095502334,0,0,0.0,raw/kaggle/selected_zero/f410f7064c081e00/dynamic_selected_zero/c5cec2aafe7dbf60d602d8b1.csv,5716099.696524991,1.1060219250000005,-2322884.871739871,-0.9387869320000001,3450634.4892551894,0.17325680799999998,-2485281.4312992706,-0.14651234600000004
zero,23,9,11429642840055943053,15383926403400385888,0,6509982.244023429,seed/workload paired; oracle timing repetition=0,16,6319593.05713581,1.0,0,0,0.0,raw/kaggle/selected_zero/f410f7064c081e00/dynamic_selected_zero/b358dc72363355e981aa9962.csv,796859.267171706,0.12609344620250937,16,1046.391765,0.8338269750324079,raw/kaggle/perfect_zero/f410f7064c081e00/dynamic_perfect_zero/bcb3495a76eaccff7e3eaea9.csv,2911480.24552792,0.46070691881661635,16,137.314213,0.3997876185797137,raw/kaggle/perfect_zero/f410f7064c081e00/dynamic_perfect_zero/e857a7150cde383208d4c366.csv,3086092.77012745,0.4883372619448602,2,96.629082,0.29820631134425263,raw/kaggle/selected_zero/f410f7064c081e00/dynamic_selected_zero/a38a2deefee040ac294393a4.csv,5581469.85496969,0.8832008334250788,0,0,0.0,raw/kaggle/selected_zero/f410f7064c081e00/dynamic_selected_zero/9a2e91a348bdd6525f0014a3.csv,5713122.976851723,1.1013164869999996,-2289233.502955744,-0.9308924079999996,3598501.9984955094,0.1898576480000005,-2669989.60944177,-0.16430362300000043
zero,37,0,14984948395561092597,9645706912103258555,0,6442539.646036048,seed/workload paired; oracle timing repetition=0,16,6288841.4570491,1.0,0,0,0.0,raw/kaggle/selected_zero/f410f7064c081e00/dynamic_selected_zero/ecd7409225de25c950f06ffc.csv,787059.811742266,0.12515179737279886,16,1061.845888,0.8357362247085797,raw/kaggle/perfect_zero/f410f7064c081e00/dynamic_perfect_zero/6e072ab507bd7df8350d9551.csv,3015199.0394396,0.47945222661956177,16,124.867382,0.3765000102637376,raw/kaggle/perfect_zero/f410f7064c081e00/dynamic_perfect_zero/d7dd5bbd094493455dcfdc34.csv,3118183.69915527,0.495828002733338,2,94.376776,0.29428412450202807,raw/kaggle/selected_zero/f410f7064c081e00/dynamic_selected_zero/02368f4024cb6f623aaa4840.csv,5357142.6179847,0.8518488905424595,0,0,0.0,raw/kaggle/selected_zero/f410f7064c081e00/dynamic_selected_zero/ec7191b0ca02623fa3ed68b8.csv,5655479.834293783,1.1153331770000006,-2331123.887413004,-0.949851954000001,3427340.6065964485,0.17643477199999993,-2341943.5785451,-0.14498638899999977
zero,37,1,14984948395561092597,9645706912103258555,0,6442539.646036048,seed/workload paired; oracle timing repetition=0,16,6213711.61349163,1.0,0,0,0.0,raw/kaggle/selected_zero/f410f7064c081e00/dynamic_selected_zero/8f96bd87064cc0d42d9bccab.csv,803171.472914503,0.12925792551598353,16,1040.09205,0.8353722637651645,raw/kaggle/perfect_zero/f410f7064c081e00/dynamic_perfect_zero/367814a933c1a4e12428872b.csv,3105743.16946296,0.499820938377565,16,122.103774,0.3792229620661486,raw/kaggle/perfect_zero/f410f7064c081e00/dynamic_perfect_zero/802a5ff4fc4aa7040dbf6da9.csv,3119143.4280682,0.5019775010632462,2,95.476104,0.29780366232915567,raw/kaggle/selected_zero/f410f7064c081e00/dynamic_selected_zero/98f9810edfe4caa939e6067b.csv,5493934.54792286,0.8841631040607129,0,0,0.0,raw/kaggle/selected_zero/f410f7064c081e00/dynamic_selected_zero/1bd24ac0531bf7250431b04f.csv,5639368.173121545,1.0898458489999996,-2315971.955153697,-0.9244633019999999,3336796.476573088,0.16676583399999964,-2388191.3784598997,-0.13996521199999964
zero,37,2,14984948395561092597,9645706912103258555,0,6442539.646036048,seed/workload paired; oracle timing repetition=0,16,6153679.30393223,1.0,0,0,0.0,raw/kaggle/selected_zero/f410f7064c081e00/dynamic_selected_zero/19022a482c3f6bf0260dafef.csv,778422.350405031,0.12649706166969335,16,1075.295453,0.8370340139041021,raw/kaggle/perfect_zero/f410f7064c081e00/dynamic_perfect_zero/fbbf71aa05fc772e59ee1f4a.csv,3052919.3249491,0.49611284146677426,16,124.628899,0.3804819742042299,raw/kaggle/perfect_zero/f410f7064c081e00/dynamic_perfect_zero/4ce497a0c0666a6634f1466e.csv,3142307.88090659,0.5106388756558439,2,95.708182,0.30074457456584264,raw/kaggle/selected_zero/f410f7064c081e00/dynamic_selected_zero/8ad5c7fb067dd30c94dba7c0.csv,5488075.94215089,0.8918365210621203,0,0,0.0,raw/kaggle/selected_zero/f410f7064c081e00/dynamic_selected_zero/d35f43929244bf4e74de513f.csv,5664117.295631018,1.1294313579999995,-2363885.530501559,-0.9664122149999991,3389620.3210869483,0.17233703900000027,-2435156.6172017897,-0.14534210900000014
zero,37,3,14984948395561092597,9645706912103258555,0,6442539.646036048,seed/workload paired; oracle timing repetition=0,16,6369325.16694129,1.0,0,0,0.0,raw/kaggle/selected_zero/f410f7064c081e00/dynamic_selected_zero/ac9f43a0ff63991384e7e7f0.csv,797015.030783725,0.12513335555868182,16,1045.26242,0.8330898598533711,raw/kaggle/perfect_zero/f410f7064c081e00/dynamic_perfect_zero/b529fae43e9c2f362004483e.csv,3077792.8138216,0.48322117856319674,16,122.549321,0.37718141951251705,raw/kaggle/perfect_zero/f410f7064c081e00/dynamic_perfect_zero/9f72c36d114c17216cc7a299.csv,3151327.31101659,0.4947662787531911,2,94.939349,0.2991849633938353,raw/kaggle/selected_zero/f410f7064c081e00/dynamic_selected_zero/873da2aa48685085f70639c3.csv,5503931.5821676,0.8641310402449945,0,0,0.0,raw/kaggle/selected_zero/f410f7064c081e00/dynamic_selected_zero/26cb39622f7ef7b8dce96b11.csv,5645524.615252323,1.0994631900000005,-2354312.280232865,-0.9373548760000008,3364746.8322144486,0.16968986800000044,-2426138.7683460005,-0.14321985500000037
zero,37,4,14984948395561092597,9645706912103258555,0,6442539.646036048,seed/workload paired; oracle timing repetition=0,16,6366803.22313556,1.0,0,0,0.0,raw/kaggle/selected_zero/f410f7064c081e00/dynamic_selected_zero/68180bb6c592cd65a14ecde2.csv,803116.915380906,0.12614131256052583,16,1041.809875,0.8366951332233669,raw/kaggle/perfect_zero/f410f7064c081e00/dynamic_perfect_zero/e8adc7c2b9c800f18ab55b0e.csv,3087681.03266875,0.484965676565721,16,123.093388,0.3800731193745346,raw/kaggle/perfect_zero/f410f7064c081e00/dynamic_perfect_zero/18a41f346afbb1cb65456704.csv,3036450.12114328,0.476919109123632,2,96.64647,0.29346218553957,raw/kaggle/selected_zero/f410f7064c081e00/dynamic_selected_zero/239a39aa89d2e0fb87058705.csv,5551920.18905976,0.8720106456070931,0,0,0.0,raw/kaggle/selected_zero/f410f7064c081e00/dynamic_selected_zero/25e68c296c55d0121e75ea20.csv,5639422.730655142,1.0899304289999996,-2233333.205762374,-0.915816784,3354858.6133672986,0.1686493579999996,-2464239.1563910106,-0.14374978699999963
zero,37,5,14984948395561092597,9645706912103258555,0,6442539.646036048,seed/workload paired; oracle timing repetition=0,16,6308927.27341185,1.0,0,0,0.0,raw/kaggle/selected_zero/f410f7064c081e00/dynamic_selected_zero/9099ef42a66a66dbf505e8f8.csv,803249.387316911,0.12731948753032873,16,1039.701165,0.8351393237789286,raw/kaggle/perfect_zero/f410f7064c081e00/dynamic_perfect_zero/7723a1a4174ad74ca00c62c3.csv,2946152.79127251,0.46698157445698985,16,125.300019,0.3691530007233482,raw/kaggle/perfect_zero/f410f7064c081e00/dynamic_perfect_zero/b6fc30870796bf55c95dc53d.csv,3099282.2335084,0.49125344122604175,2,95.89462,0.2972044920550396,raw/kaggle/selected_zero/f410f7064c081e00/dynamic_selected_zero/4bd78f8191237910ce63c375.csv,5488012.18101622,0.8698804001346996,0,0,0.0,raw/kaggle/selected_zero/f410f7064c081e00/dynamic_selected_zero/60fcefead640a6424fc8800e.csv,5639290.258719137,1.0897250790000002,-2296032.846191489,-0.9222880189999999,3496386.8547635386,0.1842074169999998,-2541859.38974371,-0.15721036999999977
zero,37,6,14984948395561092597,9645706912103258555,0,6442539.646036048,seed/workload paired; oracle timing repetition=0,16,6339920.07706553,1.0,0,0,0.0,raw/kaggle/selected_zero/f410f7064c081e00/dynamic_selected_zero/f0913c0d7c522c7649a63402.csv,801134.096322177,0.12636343780109396,16,1043.043251,0.8356175123148311,raw/kaggle/perfect_zero/f410f7064c081e00/dynamic_perfect_zero/42a409107ab4d79f0cc09f78.csv,3075852.65180776,0.48515637648723114,16,122.954206,0.3781890205760178,raw/kaggle/perfect_zero/f410f7064c081e00/dynamic_perfect_zero/f11a1f47b542e451d28f9d79.csv,2933174.9590935,0.46265172485441447,2,104.710022,0.3071328144965297,raw/kaggle/selected_zero/f410f7064c081e00/dynamic_selected_zero/493f357cffc215124c67c0fe.csv,5566352.54774405,0.87798465597069,0,0,0.0,raw/kaggle/selected_zero/f410f7064c081e00/dynamic_selected_zero/8a58863cd8148bf7fbe50f40.csv,5641405.549713871,1.0930121910000006,-2132040.862771323,-0.9073029850000003,3366686.9942282885,0.16989481100000017,-2490499.89593629,-0.14546224700000007
zero,37,7,14984948395561092597,9645706912103258555,0,6442539.646036048,seed/workload paired; oracle timing repetition=0,16,6425796.37496922,1.0,0,0,0.0,raw/kaggle/selected_zero/f410f7064c081e00/dynamic_selected_zero/bf2a4c6a24d7b4aec4ce0fef.csv,795464.087498243,0.1237922960952919,16,1047.146789,0.8329676649886004,raw/kaggle/perfect_zero/f410f7064c081e00/dynamic_perfect_zero/3df8751a804d827815969833.csv,3064020.89973558,0.47683130944999125,16,124.279853,0.3807960670080658,raw/kaggle/perfect_zero/f410f7064c081e00/dynamic_perfect_zero/43f6f8e5a3d6e1cd3247cb5c.csv,3184596.3773764,0.4955955949338115,2,94.214436,0.30003495158216104,raw/kaggle/selected_zero/f410f7064c081e00/dynamic_selected_zero/4dd2485b89e0159e13016a6c.csv,5518652.14470882,0.8588277347545509,0,0,0.0,raw/kaggle/selected_zero/f410f7064c081e00/dynamic_selected_zero/ebe9378f09f46c0d0f4bb527.csv,5647075.558537805,1.1019094850000004,-2389132.289878157,-0.9431162410000001,3378518.746300468,0.17115023900000012,-2454631.2449732395,-0.14516486500000025
zero,37,8,14984948395561092597,9645706912103258555,0,6442539.646036048,seed/workload paired; oracle timing repetition=0,16,6280517.90004754,1.0,0,0,0.0,raw/kaggle/selected_zero/f410f7064c081e00/dynamic_selected_zero/b91650ec8e6a7997f2b245f1.csv,794736.533688928,0.12653996793527367,16,1054.070143,0.8377080517128132,raw/kaggle/perfect_zero/f410f7064c081e00/dynamic_perfect_zero/458dbb21ea7ba27992251cc2.csv,3039771.33769998,0.4840001073282461,16,125.483591,0.38144142327346753,raw/kaggle/perfect_zero/f410f7064c081e00/dynamic_perfect_zero/e1d76e617c969386193130f6.csv,3146876.63399602,0.5010536844377436,2,94.980942,0.2988933070547316,raw/kaggle/selected_zero/f410f7064c081e00/dynamic_selected_zero/568052a4da60996b4b2b9394.csv,5610649.60993277,0.893341870722206,0,0,0.0,raw/kaggle/selected_zero/f410f7064c081e00/dynamic_selected_zero/bb98f4e8da7f8084a572a19d.csv,5647803.11234712,1.103060342000001,-2352140.100307092,-0.9405032280000005,3402768.3083360684,0.17375382100000034,-2570878.27223279,-0.15073963200000032
zero,37,9,14984948395561092597,9645706912103258555,0,6442539.646036048,seed/workload paired; oracle timing repetition=0,16,5745850.06553602,1.0,0,0,0.0,raw/kaggle/selected_zero/f410f7064c081e00/dynamic_selected_zero/bf5c03ac31beba1240d4600d.csv,803459.788479457,0.13983305852316974,16,1039.22213,0.8349731927529704,raw/kaggle/perfect_zero/f410f7064c081e00/dynamic_perfect_zero/a5001e132148c30db5f343d3.csv,3095244.83108042,0.5386922380112037,16,122.476118,0.3790935711702953,raw/kaggle/perfect_zero/f410f7064c081e00/dynamic_perfect_zero/fe250a885430a5fb75a213ee.csv,3134517.18760624,0.5455271460018208,2,98.013013,0.30722347385757337,raw/kaggle/selected_zero/f410f7064c081e00/dynamic_selected_zero/8012f505938dff87fd550a78.csv,5459475.6389844,0.950159780835683,0,0,0.0,raw/kaggle/selected_zero/f410f7064c081e00/dynamic_selected_zero/c707743a6afbbdb4a64adfae.csv,5639079.857556592,1.0893990669999993,-2331057.399126783,-0.9255889599999998,3347294.8149556285,0.1678579279999998,-2364230.80790398,-0.13990844599999983
zero,53,0,5900960093001124761,16797269243108957667,0,6440747.196492492,seed/workload paired; oracle timing repetition=0,16,6342263.44321381,1.0,0,0,0.0,raw/kaggle/selected_zero/f410f7064c081e00/dynamic_selected_zero/d6bc63c70df23bede6296224.csv,800881.107610627,0.1262768591657235,16,1041.113443,0.8338080873781534,raw/kaggle/perfect_zero/f410f7064c081e00/dynamic_perfect_zero/7fa5f921846e95e4274992e6.csv,3062651.45098549,0.48289565364278764,16,123.588918,0.3785097790384264,raw/kaggle/perfect_zero/f410f7064c081e00/dynamic_perfect_zero/eb6bf1f5880e7f6563390301.csv,3135282.88525637,0.49434762736182253,2,96.893793,0.3037894508804731,raw/kaggle/selected_zero/f410f7064c081e00/dynamic_selected_zero/65ab3774af3a3fbd84a20cba.csv,5498429.92333539,0.8669507302189855,0,0,0.0,raw/kaggle/selected_zero/f410f7064c081e00/dynamic_selected_zero/8951a083735d7287f82422a4.csv,5639866.088881865,1.0933632950000003,-2334401.777645743,-0.9296742980000007,3378095.7455070023,0.1712529759999997,-2435778.4723499003,-0.14464436499999966
zero,53,1,5900960093001124761,16797269243108957667,0,6440747.196492492,seed/workload paired; oracle timing repetition=0,16,6358075.683125,1.0,0,0,0.0,raw/kaggle/selected_zero/f410f7064c081e00/dynamic_selected_zero/d2344d7707681497b0c26243.csv,781682.369281888,0.12294323129190723,16,1076.375439,0.841383703394352,raw/kaggle/perfect_zero/f410f7064c081e00/dynamic_perfect_zero/a77c58403d0f0711aadbbad7.csv,3036295.63819159,0.4775494645730999,16,124.830622,0.37902267309134274,raw/kaggle/perfect_zero/f410f7064c081e00/dynamic_perfect_zero/e40d1cc3c477b27baf7bce58.csv,3188713.64753242,0.5015218135882843,2,96.756694,0.3085293906479187,raw/kaggle/selected_zero/f410f7064c081e00/dynamic_selected_zero/777abcd2f05929e581f6a04c.csv,5637512.42712099,0.8866696006912185,0,0,0.0,raw/kaggle/selected_zero/f410f7064c081e00/dynamic_selected_zero/95f63ed5ae449b25334113af.csv,5659064.827210604,1.1240305089999996,-2407031.2782505318,-0.9656859139999989,3404451.558300902,0.17408720399999963,-2601216.7889294,-0.1519654919999997
zero,53,2,5900960093001124761,16797269243108957667,0,6440747.196492492,seed/workload paired; oracle timing repetition=0,16,5729639.60962201,1.0,0,0,0.0,raw/kaggle/selected_zero/f410f7064c081e00/dynamic_selected_zero/a886debc064ac638378bab63.csv,798040.463992122,0.13928283772891076,16,1049.823156,0.8378013585239136,raw/kaggle/perfect_zero/f410f7064c081e00/dynamic_perfect_zero/aeadefbd4f0928e52493b114.csv,3068021.24631712,0.5354649603379714,16,123.451395,0.3787515027474867,raw/kaggle/perfect_zero/f410f7064c081e00/dynamic_perfect_zero/d93186a897a9e8d2b634e4b6.csv,3166102.93201363,0.5525832596341083,2,95.95192,0.3037936552443372,raw/kaggle/selected_zero/f410f7064c081e00/dynamic_selected_zero/33d17d7d59052f98d150c85e.csv,5583640.17995291,0.9745185666784492,0,0,0.0,raw/kaggle/selected_zero/f410f7064c081e00/dynamic_selected_zero/1097dab6f50dbe6d064a08bb.csv,5642706.732500371,1.0978078039999997,-2368062.468021508,-0.9372235919999996,3372725.9501753724,0.17068149499999966,-2515618.9336357904,-0.1468483489999998
zero,53,3,5900960093001124761,16797269243108957667,0,6440747.196492492,seed/workload paired; oracle timing repetition=0,16,6418367.08679843,1.0,0,0,0.0,raw/kaggle/selected_zero/f410f7064c081e00/dynamic_selected_zero/0fc7222a1fefd08507833091.csv,801650.828006342,0.12489949813796276,16,1039.943169,0.8336713025083888,raw/kaggle/perfect_zero/f410f7064c081e00/dynamic_perfect_zero/0d7c61f2ab57f83d3c3d2042.csv,3109764.50568157,0.4845102287897907,16,122.67692,0.38149633148233725,raw/kaggle/perfect_zero/f410f7064c081e00/dynamic_perfect_zero/5cc072ad08e6d281b496a0a2.csv,3196055.2189875,0.49795456940462035,2,95.233571,0.30437175161736696,raw/kaggle/selected_zero/f410f7064c081e00/dynamic_selected_zero/e76aa6ad4b9233892aa3f596.csv,5501100.55842937,0.8570872441596971,0,0,0.0,raw/kaggle/selected_zero/f410f7064c081e00/dynamic_selected_zero/3a4332530b31569d15dc06c8.csv,5639096.36848615,1.0921644039999994,-2394404.390981158,-0.934540184999999,3330982.690810922,0.16630626899999976,-2391336.0527477995,-0.13978595099999974
zero,53,4,5900960093001124761,16797269243108957667,0,6440747.196492492,seed/workload paired; oracle timing repetition=0,16,6410019.73260474,1.0,0,0,0.0,raw/kaggle/selected_zero/f410f7064c081e00/dynamic_selected_zero/cd3cb943a14ec6320b87b792.csv,802497.366025089,0.1251942114847423,16,1038.149206,0.8331120033560376,raw/kaggle/perfect_zero/f410f7064c081e00/dynamic_perfect_zero/b8120af77c908f2cd2c597fb.csv,3088193.88234598,0.4817760336427355,16,123.398547,0.3810786379357825,raw/kaggle/perfect_zero/f410f7064c081e00/dynamic_perfect_zero/0e91723c387a736f0a173987.csv,3174230.43933422,0.4951982321034692,2,95.858919,0.3042782985714735,raw/kaggle/selected_zero/f410f7064c081e00/dynamic_selected_zero/8e2848628a11411c9de357c1.csv,5463965.55966342,0.8524100997491177,0,0,0.0,raw/kaggle/selected_zero/f410f7064c081e00/dynamic_selected_zero/203c0aac80490e803b801e62.csv,5638249.830467403,1.09084852,-2371733.073309131,-0.9310730199999998,3352553.314146512,0.16855237699999967,-2375771.6773174396,-0.14079660699999968
zero,53,5,5900960093001124761,16797269243108957667,0,6440747.196492492,seed/workload paired; oracle timing repetition=0,16,6297170.56980307,1.0,0,0,0.0,raw/kaggle/selected_zero/f410f7064c081e00/dynamic_selected_zero/9cc343e1e97cc930d7958679.csv,786997.779875328,0.12497641141391848,16,1057.481422,0.8322355313734049,raw/kaggle/perfect_zero/f410f7064c081e00/dynamic_perfect_zero/ed2b8eedff1747cad78f5149.csv,3046502.14074507,0.4837890457269831,16,125.826565,0.3833308996350982,raw/kaggle/perfect_zero/f410f7064c081e00/dynamic_perfect_zero/8de12e4411a38c004d64ff41.csv,3152791.15450139,0.5006678983129381,2,95.258344,0.3003296643556508,raw/kaggle/selected_zero/f410f7064c081e00/dynamic_selected_zero/2792611dd9a4e6c3d465b610.csv,5498117.45557944,0.8731091836617316,0,0,0.0,raw/kaggle/selected_zero/f410f7064c081e00/dynamic_selected_zero/5a6cf8f9d6638f261721c0e6.csv,5653749.416617164,1.115390126,-2365793.3746260623,-0.9534723439999998,3394245.0557474224,0.1729838079999996,-2451615.3148343703,-0.14636486099999946
zero,53,6,5900960093001124761,16797269243108957667,0,6440747.196492492,seed/workload paired; oracle timing repetition=0,16,5845488.36877877,1.0,0,0,0.0,raw/kaggle/selected_zero/f410f7064c081e00/dynamic_selected_zero/d166dda8cbdb516693cac6b6.csv,809909.434363924,0.13855291179599574,16,1031.513691,0.8354326700164538,raw/kaggle/perfect_zero/f410f7064c081e00/dynamic_perfect_zero/5d1817dc9c0903e5ab70c0fd.csv,3060788.04328372,0.5236154535233769,16,124.736981,0.38179346000010833,raw/kaggle/perfect_zero/f410f7064c081e00/dynamic_perfect_zero/dd90de88eb706c74cfe8927c.csv,3208120.21937755,0.548819879021979,2,93.698073,0.3005946825080136,raw/kaggle/selected_zero/f410f7064c081e00/dynamic_selected_zero/67acc9c31f5c4ba9b3e97689.csv,5660435.40465363,0.9683425998906229,0,0,0.0,raw/kaggle/selected_zero/f410f7064c081e00/dynamic_selected_zero/35773f9962bca9e35ac3dfa7.csv,5630837.762128568,1.0794444640000005,-2398210.785013626,-0.9229969360000005,3379959.153208772,0.17145175799999976,-2599647.36136991,-0.15004839199999975
zero,53,7,5900960093001124761,16797269243108957667,0,6440747.196492492,seed/workload paired; oracle timing repetition=0,16,6396619.18718505,1.0,0,0,0.0,raw/kaggle/selected_zero/f410f7064c081e00/dynamic_selected_zero/1cf570cde817c6a514d75fb5.csv,778640.757787886,0.12172692089405765,16,1075.029708,0.8370619464816101,raw/kaggle/perfect_zero/f410f7064c081e00/dynamic_perfect_zero/d6b1ec748fe423b5364d20d7.csv,3095176.86821796,0.4838769946503646,16,122.681375,0.37972055406117317,raw/kaggle/perfect_zero/f410f7064c081e00/dynamic_perfect_zero/e1d1507633226c48f920579e.csv,3200538.7249199,0.5003484858582548,2,94.204029,0.30150364285797754,raw/kaggle/selected_zero/f410f7064c081e00/dynamic_selected_zero/a6493509686aef4ca2496e4b.csv,5635849.75753334,0.8810669499951113,0,0,0.0,raw/kaggle/selected_zero/f410f7064c081e00/dynamic_selected_zero/cba93dedd8f24e042b22b57d.csv,5662106.438704606,1.1290278190000005,-2421897.9671320138,-0.9718419090000001,3345570.328274532,0.16782182500000006,-2540672.88931538,-0.14564778199999992
zero,53,8,5900960093001124761,16797269243108957667,0,6440747.196492492,seed/workload paired; oracle timing repetition=0,16,6397685.45047588,1.0,0,0,0.0,raw/kaggle/selected_zero/f410f7064c081e00/dynamic_selected_zero/f5e093fa9865030d7bc9abe3.csv,800611.378232384,0.12514078480879862,16,1043.688867,0.8355891822546657,raw/kaggle/perfect_zero/f410f7064c081e00/dynamic_perfect_zero/f99601bb8609c774f6d7ff9f.csv,3008356.86640548,0.47022581677280006,16,123.417708,0.37128450929782636,raw/kaggle/perfect_zero/f410f7064c081e00/dynamic_perfect_zero/b438f6491a0f766f2d7e5338.csv,3207649.03687691,0.5013764839967734,2,94.6045,0.30345803330922194,raw/kaggle/selected_zero/f410f7064c081e00/dynamic_selected_zero/ba6f1489f4701cdb3d10c571.csv,5593937.48745769,0.8743689465135543,0,0,0.0,raw/kaggle/selected_zero/f410f7064c081e00/dynamic_selected_zero/be7e29801acf774e3db08955.csv,5640135.818260108,1.0937839620000005,-2407037.658644526,-0.9372906460000001,3432390.330087012,0.17714588299999975,-2585580.6210522098,-0.15364241399999967
zero,53,9,5900960093001124761,16797269243108957667,0,6440747.196492492,seed/workload paired; oracle timing repetition=0,16,6417099.95941633,1.0,0,0,0.0,raw/kaggle/selected_zero/f410f7064c081e00/dynamic_selected_zero/750c9427f2dafc62c4382653.csv,790355.10819405,0.12316390786998697,16,1055.714771,0.8343895620557619,raw/kaggle/perfect_zero/f410f7064c081e00/dynamic_perfect_zero/0134967929f63880d045e38b.csv,3049532.1044951,0.47521966679360744,16,124.776661,0.38051043361120124,raw/kaggle/perfect_zero/f410f7064c081e00/dynamic_perfect_zero/8507706e21372c7674bcb392.csv,3197859.91028283,0.4983341276444278,2,94.741576,0.30297028772741347,raw/kaggle/selected_zero/f410f7064c081e00/dynamic_selected_zero/7b18aba34ded77446e9b8cd8.csv,5622239.72275522,0.8761340415938593,0,0,0.0,raw/kaggle/selected_zero/f410f7064c081e00/dynamic_selected_zero/4421f9c2e90cbf7e50488b85.csv,5650392.088298442,1.1099925590000004,-2407504.80208878,-0.9525449150000007,3391215.091997392,0.1726576689999996,-2572707.6182601196,-0.15005409899999975
zero,71,0,13752864111015842465,12667785540659998860,0,6538424.022996318,seed/workload paired; oracle timing repetition=0,16,6242431.51996441,1.0,0,0,0.0,raw/kaggle/selected_zero/f410f7064c081e00/dynamic_selected_zero/36287299a12a9a56cc0ba893.csv,784217.72001923,0.12562696403014784,16,1066.227411,0.836154429276426,raw/kaggle/perfect_zero/f410f7064c081e00/dynamic_perfect_zero/04497c39e6b05c9de1a7daf2.csv,3035438.200685,0.48625895069527425,16,125.398442,0.38063922115318205,raw/kaggle/perfect_zero/f410f7064c081e00/dynamic_perfect_zero/36bad02dca9bb6564cd5e409.csv,3128759.21397296,0.5012084159780735,2,95.654267,0.29927916923207976,raw/kaggle/selected_zero/f410f7064c081e00/dynamic_selected_zero/f0733b95a5f2885b9ebf940f.csv,5508883.89334728,0.8824900803042671,0,0,0.0,raw/kaggle/selected_zero/f410f7064c081e00/dynamic_selected_zero/7377365fb01f4ca864fb7c69.csv,5754206.302977088,1.1222140339999993,-2344541.49395373,-0.9555405689999992,3502985.8223113175,0.17649967199999972,-2473445.69266228,-0.1479167529999997
zero,71,1,13752864111015842465,12667785540659998860,0,6538424.022996318,seed/workload paired; oracle timing repetition=0,16,6252969.88712895,1.0,0,0,0.0,raw/kaggle/selected_zero/f410f7064c081e00/dynamic_selected_zero/efa9ca2b2d75e7776d419a0b.csv,796060.50797968,0.12730918625056598,16,1047.60431,0.8339564191803016,raw/kaggle/perfect_zero/f410f7064c081e00/dynamic_perfect_zero/b8d7cb408c5d480aa6b1864f.csv,3004095.34800364,0.48042696546280184,16,126.545614,0.38015509032766465,raw/kaggle/perfect_zero/f410f7064c081e00/dynamic_perfect_zero/a5e88d64da7dd2606f510439.csv,3191637.65401547,0.5104194825222339,2,94.586645,0.30188629774899384,raw/kaggle/selected_zero/f410f7064c081e00/dynamic_selected_zero/951db51c7b813652d75c74e9.csv,5658116.23645849,0.9048686206062017,0,0,0.0,raw/kaggle/selected_zero/f410f7064c081e00/dynamic_selected_zero/ff7b5690f54c0b96bb5a4a9e.csv,5742363.515016638,1.1032438639999993,-2395577.14603579,-0.9428671429999995,3534328.6749926778,0.17993686100000034,-2654020.88845485,-0.1561416480000002
zero,71,2,13752864111015842465,12667785540659998860,0,6538424.022996318,seed/workload paired; oracle timing repetition=0,16,6373838.74713174,1.0,0,0,0.0,raw/kaggle/selected_zero/f410f7064c081e00/dynamic_selected_zero/28903d88b59295238fce47b5.csv,800257.501096849,0.1255534588880161,16,1043.121565,0.8347658569471342,raw/kaggle/perfect_zero/f410f7064c081e00/dynamic_perfect_zero/59114b0c4c80c32d7e503405.csv,3082364.84505192,0.48359630159125067,16,122.257932,0.3768435516255486,raw/kaggle/perfect_zero/f410f7064c081e00/dynamic_perfect_zero/3d371c630c1a953262af1766.csv,3201087.45806603,0.502222849535774,2,94.097025,0.3012128065688261,raw/kaggle/selected_zero/f410f7064c081e00/dynamic_selected_zero/478341044bf305707373f647.csv,5558854.67403955,0.8721360697336535,0,0,0.0,raw/kaggle/selected_zero/f410f7064c081e00/dynamic_selected_zero/d295df10c4e1b288c1e6c6fe.csv,5738166.521899468,1.09665573,-2400829.956969181,-0.9372039449999994,3456059.1779443976,0.17148417400000038,-2476489.82898763,-0.1445330560000005
zero,71,3,13752864111015842465,12667785540659998860,0,6538424.022996318,seed/workload paired; oracle timing repetition=0,16,6429602.38316556,1.0,0,0,0.0,raw/kaggle/selected_zero/f410f7064c081e00/dynamic_selected_zero/35094d133fdd09980adae4e5.csv,786897.52109017,0.12238665382333452,16,1062.322687,0.8359390889981484,raw/kaggle/perfect_zero/f410f7064c081e00/dynamic_perfect_zero/09d44787085915450d6765be.csv,3053721.62352466,0.4749471960381454,16,122.885992,0.3752596109986784,raw/kaggle/perfect_zero/f410f7064c081e00/dynamic_perfect_zero/50e2d64e42762b240379a403.csv,3124497.30743945,0.48595498154290695,2,95.738438,0.29913449174945866,raw/kaggle/selected_zero/f410f7064c081e00/dynamic_selected_zero/6b302e4325880cc997f0622e.csv,5530917.68328022,0.8602270177331122,0,0,0.0,raw/kaggle/selected_zero/f410f7064c081e00/dynamic_selected_zero/587b171735bb58fad7edf4ac.csv,5751526.501906147,1.1178714549999995,-2337599.7863492803,-0.9507620249999995,3484702.399471658,0.174527219,-2477196.0597555605,-0.1466674500000001
zero,71,4,13752864111015842465,12667785540659998860,0,6538424.022996318,seed/workload paired; oracle timing repetition=0,16,6452053.9739607,1.0,0,0,0.0,raw/kaggle/selected_zero/f410f7064c081e00/dynamic_selected_zero/b08ee9fff67ea1c893c4b1ff.csv,798318.479433851,0.12373090532963876,16,1043.118239,0.8327405664281964,raw/kaggle/perfect_zero/f410f7064c081e00/dynamic_perfect_zero/eec5b716fad8fedfcda70a83.csv,3090171.76525076,0.478943880153843,16,122.709234,0.37919261024234896,raw/kaggle/perfect_zero/f410f7064c081e00/dynamic_perfect_zero/4829875bee08650a3d1d2878.csv,3186076.86449306,0.49380815432596786,2,94.419173,0.3008267426598676,raw/kaggle/selected_zero/f410f7064c081e00/dynamic_selected_zero/ec0d3819758d530ae0ae0115.csv,5562247.92865781,0.8620894913629081,0,0,0.0,raw/kaggle/selected_zero/f410f7064c081e00/dynamic_selected_zero/fa52b0373135f288d0bb67ed.csv,5740105.543562466,1.0996908560000003,-2387758.385059209,-0.9387672870000004,3448252.2577455575,0.17066455300000033,-2472076.16340705,-0.1438231790000004
zero,71,5,13752864111015842465,12667785540659998860,0,6538424.022996318,seed/workload paired; oracle timing repetition=0,16,5984996.51149516,1.0,0,0,0.0,raw/kaggle/selected_zero/f410f7064c081e00/dynamic_selected_zero/83b0f698bd1e616f5b129b9d.csv,798221.559173276,0.1333704301481482,16,1044.725194,0.833922173262283,raw/kaggle/perfect_zero/f410f7064c081e00/dynamic_perfect_zero/9fc42246a9e4b121c8e1d193.csv,3016142.27886307,0.5039505491891395,16,126.162058,0.3805227171221746,raw/kaggle/perfect_zero/f410f7064c081e00/dynamic_perfect_zero/a60b59134218f2a3aa9257b7.csv,3197459.27328178,0.5342458040101676,2,94.46525,0.3020487896153813,raw/kaggle/selected_zero/f410f7064c081e00/dynamic_selected_zero/9194a45d86bbfe84f4f0c665.csv,5630654.85259182,0.9407950099515064,0,0,0.0,raw/kaggle/selected_zero/f410f7064c081e00/dynamic_selected_zero/4cf4d6d3f3b176dafa60832b.csv,5740202.463823042,1.0998429509999996,-2399237.7141085044,-0.9400366899999999,3522281.7441332475,0.17860729199999986,-2614512.57372875,-0.15395010999999983
zero,71,6,13752864111015842465,12667785540659998860,0,6538424.022996318,seed/workload paired; oracle timing repetition=0,16,6304229.69304542,1.0,0,0,0.0,raw/kaggle/selected_zero/f410f7064c081e00/dynamic_selected_zero/42cfc3c9a692ce1787413143.csv,780627.644000955,0.12382601554986378,16,1072.583187,0.8372880862628456,raw/kaggle/perfect_zero/f410f7064c081e00/dynamic_perfect_zero/4b07ddeea2d80685053a1c5a.csv,3050513.48637656,0.4838836201894368,16,124.511283,0.3798233479975483,raw/kaggle/perfect_zero/f410f7064c081e00/dynamic_perfect_zero/3554979dd502425280b824e9.csv,3192762.51311635,0.5064476817268383,2,95.315506,0.3043197744755163,raw/kaggle/selected_zero/f410f7064c081e00/dynamic_selected_zero/2ec384e1248152b9877d5174.csv,5499130.65618239,0.8722922425001133,0,0,0.0,raw/kaggle/selected_zero/f410f7064c081e00/dynamic_selected_zero/dd9df1d91102b00dfcb12c06.csv,5757796.378995363,1.1280784269999997,-2412134.869115395,-0.9678120929999999,3487910.536619758,0.17487160899999976,-2448617.16980583,-0.1459667379999997
zero,71,7,13752864111015842465,12667785540659998860,0,6538424.022996318,seed/workload paired; oracle timing repetition=0,16,6455027.15449183,1.0,0,0,0.0,raw/kaggle/selected_zero/f410f7064c081e00/dynamic_selected_zero/e96c42cf570d324327906db2.csv,794782.04730861,0.12312605792146804,16,1048.771616,0.833544852123639,raw/kaggle/perfect_zero/f410f7064c081e00/dynamic_perfect_zero/587912c42ba9203f2e969d49.csv,3051465.47041164,0.4727269765686781,16,124.605288,0.3802287337626983,raw/kaggle/perfect_zero/f410f7064c081e00/dynamic_perfect_zero/bd1d3f2632f19f2c5ab3041f.csv,3128122.45273079,0.48460252418210786,2,96.606908,0.3021982380036974,raw/kaggle/selected_zero/f410f7064c081e00/dynamic_selected_zero/c7e952c848f2f2fa12946aa3.csv,5621646.50515616,0.8708943232321263,0,0,0.0,raw/kaggle/selected_zero/f410f7064c081e00/dynamic_selected_zero/6a8d8d1c233f5e79905228ae.csv,5743641.975687708,1.1052645239999996,-2333340.40542218,-0.938525998,3486958.5525846775,0.17476933900000036,-2570181.03474452,-0.14982756500000027
zero,71,8,13752864111015842465,12667785540659998860,0,6538424.022996318,seed/workload paired; oracle timing repetition=0,16,6419571.00202487,1.0,0,0,0.0,raw/kaggle/selected_zero/f410f7064c081e00/dynamic_selected_zero/39d18c4871bc0de349e844ee.csv,793799.235997923,0.12365300356480856,16,1050.128906,0.8335915232821351,raw/kaggle/perfect_zero/f410f7064c081e00/dynamic_perfect_zero/931db8c7a843d84ae5fd1cb0.csv,3066315.4181913,0.47765114167661954,16,122.148386,0.3745454792989827,raw/kaggle/perfect_zero/f410f7064c081e00/dynamic_perfect_zero/f7b338f6c4219bdcb486c700.csv,3215020.63814983,0.5008154964149074,2,94.319494,0.3032391197898493,raw/kaggle/selected_zero/f410f7064c081e00/dynamic_selected_zero/da1a4382735a8d9d7afd0859.csv,5613798.84330594,0.8744819305737451,0,0,0.0,raw/kaggle/selected_zero/f410f7064c081e00/dynamic_selected_zero/52ec8522d0ee0e155e77d3e2.csv,5744624.786998395,1.106822323000001,-2421221.402151907,-0.9487243830000007,3472108.604805018,0.1731822560000003,-2547483.42511464,-0.1479918140000003
zero,71,9,13752864111015842465,12667785540659998860,0,6538424.022996318,seed/workload paired; oracle timing repetition=0,16,6409377.95570467,1.0,0,0,0.0,raw/kaggle/selected_zero/f410f7064c081e00/dynamic_selected_zero/001e97ad801b5e76c09e17b3.csv,775579.527817365,0.12100698900539326,16,1069.992863,0.82986455945349,raw/kaggle/perfect_zero/f410f7064c081e00/dynamic_perfect_zero/477cb5242a3934ffe10d10aa.csv,3039532.21988196,0.4742320145399793,16,123.418474,0.37513442825166415,raw/kaggle/perfect_zero/f410f7064c081e00/dynamic_perfect_zero/6d92d839d8133464d77927ae.csv,3186306.73211171,0.4971319766336663,2,94.933803,0.30248821560386663,raw/kaggle/selected_zero/f410f7064c081e00/dynamic_selected_zero/7df703f650d044f115c742cd.csv,5627803.22989307,0.8780576319241776,0,0,0.0,raw/kaggle/selected_zero/f410f7064c081e00/dynamic_selected_zero/3129529859a33601fbce1939.csv,5762844.495178953,1.1364163729999994,-2410727.2042943453,-0.9755154469999996,3498891.8031143574,0.17605593900000016,-2588271.0100111095,-0.1513087670000001
borderline,11,0,1848342919271887336,10023744032943361542,0,5837386.318214865,seed/workload paired; oracle timing repetition=0,8,5623691.51460645,1.0,0,0,0.0,raw/kaggle/selected_borderline/f410f7064c081e00/dynamic_selected_borderline/736beae32bf0bb9189dd026a.csv,1231486.94742489,0.2189819523752932,8,582.338285,0.7171419969632985,raw/kaggle/perfect_borderline/f410f7064c081e00/dynamic_perfect_borderline/84ec1dc356529e74740a4669.csv,3405243.49472839,0.6055174765336843,8,71.117687,0.2421730410168798,raw/kaggle/perfect_borderline/f410f7064c081e00/dynamic_perfect_borderline/ee6de09ee55016e691b56f43.csv,3002232.62830744,0.5338544300500342,1,49.911358,0.14984550751073342,raw/kaggle/selected_borderline/f410f7064c081e00/dynamic_selected_borderline/771ad2af81203f7ee557a573.csv,4983139.0755397,0.8860975148791431,0,0,0.0,raw/kaggle/selected_borderline/f410f7064c081e00/dynamic_selected_borderline/009c42d43b2d61075e47fbe5.csv,4605899.370789975,0.6407169250000033,-1770745.6808825498,-0.47894102300000363,2432142.8234864753,0.12235521000000005,-1577895.5808113096,-0.09298803700000005
borderline,11,1,1848342919271887336,10023744032943361542,0,5837386.318214865,seed/workload paired; oracle timing repetition=0,8,5141685.36157756,1.0,0,0,0.0,raw/kaggle/selected_borderline/f410f7064c081e00/dynamic_selected_borderline/0b532a2af6a3b7d93c5a0630.csv,1252770.83154631,0.24364984308606893,8,572.299814,0.7169605138785773,raw/kaggle/perfect_borderline/f410f7064c081e00/dynamic_perfect_borderline/4b01f6a95357483bbe72c094.csv,3473557.35877104,0.6755678565491395,8,72.68506,0.2524757250357143,raw/kaggle/perfect_borderline/f410f7064c081e00/dynamic_perfect_borderline/452cdad6c79071102e899611.csv,3043016.46724405,0.5918324932878426,1,49.793286,0.15152178925619278,raw/kaggle/selected_borderline/f410f7064c081e00/dynamic_selected_borderline/8ce09b771b04b8c16d95f7bf.csv,5019585.36799298,0.9762529238959271,0,0,0.0,raw/kaggle/selected_borderline/f410f7064c081e00/dynamic_selected_borderline/27187afbafa69ec5a33d9de0.csv,4584615.486668555,0.6269210439999986,-1790245.63569774,-0.46960929899999826,2363828.9594438253,0.11657975499999973,-1546028.0092219403,-0.08866965899999968
borderline,11,2,1848342919271887336,10023744032943361542,0,5837386.318214865,seed/workload paired; oracle timing repetition=0,8,5737034.49852676,1.0,0,0,0.0,raw/kaggle/selected_borderline/f410f7064c081e00/dynamic_selected_borderline/daed1433bf87b8fe87c57e93.csv,1240841.56247256,0.2162862298965086,8,578.951424,0.7183869895518733,raw/kaggle/perfect_borderline/f410f7064c081e00/dynamic_perfect_borderline/5c5be7b031c1660138280f4a.csv,3497571.4787316,0.6096479774750801,8,72.623615,0.2540062845063844,raw/kaggle/perfect_borderline/f410f7064c081e00/dynamic_perfect_borderline/1d5fba657158b22bbbd0f051.csv,3099081.69219939,0.540188784466124,1,50.136089,0.15537583553837903,raw/kaggle/selected_borderline/f410f7064c081e00/dynamic_selected_borderline/7c1abbdb881be6ea00e907ce.csv,5010186.76182601,0.8733060195319724,0,0,0.0,raw/kaggle/selected_borderline/f410f7064c081e00/dynamic_selected_borderline/3303987069c2733d5de2c9a2.csv,4596544.755742306,0.6345951159999998,-1858240.12972683,-0.4832284310000002,2339814.8394832653,0.114603124,-1512615.2830944103,-0.0863193119999999
borderline,11,3,1848342919271887336,10023744032943361542,0,5837386.318214865,seed/workload paired; oracle timing repetition=0,8,5802260.55026631,1.0,0,0,0.0,raw/kaggle/selected_borderline/f410f7064c081e00/dynamic_selected_borderline/f1e275ae34e1810be3dc58a9.csv,1230213.48163964,0.21202313666923767,8,577.795822,0.7108122098594557,raw/kaggle/perfect_borderline/f410f7064c081e00/dynamic_perfect_borderline/11f5c5891446136da53c9524.csv,3413016.07537739,0.5882217880099749,8,73.510489,0.2508924806658527,raw/kaggle/perfect_borderline/f410f7064c081e00/dynamic_perfect_borderline/3702476a814f2b90aca6a48a.csv,3078061.02187643,0.5304934163522103,1,50.280417,0.154766191731393,raw/kaggle/selected_borderline/f410f7064c081e00/dynamic_selected_borderline/abb8e0f26364ac3ed9f67e8d.csv,5045309.7319933,0.8695420842074616,0,0,0.0,raw/kaggle/selected_borderline/f410f7064c081e00/dynamic_selected_borderline/296bf49ffed8b4a1a95aadd9.csv,4607172.836575225,0.6415575009999976,-1847847.5402367902,-0.4879871979999978,2424370.2428374756,0.12168643699999993,-1632293.6566159101,-0.09479209599999996
borderline,11,4,1848342919271887336,10023744032943361542,0,5837386.318214865,seed/workload paired; oracle timing repetition=0,8,5626279.00794118,1.0,0,0,0.0,raw/kaggle/selected_borderline/f410f7064c081e00/dynamic_selected_borderline/bdc2d48198f00047306bb0eb.csv,1229044.35588511,0.21844710405409729,8,578.819267,0.7113945531839049,raw/kaggle/perfect_borderline/f410f7064c081e00/dynamic_perfect_borderline/9490db6a8a8cb8779a4537fd.csv,3480094.19529197,0.6185427687428957,8,72.372507,0.2518631415094276,raw/kaggle/perfect_borderline/f410f7064c081e00/dynamic_perfect_borderline/a6f7f67843e912d96a3000c7.csv,3021897.8229683,0.5371041533317241,1,49.842371,0.15061855241647829,raw/kaggle/selected_borderline/f410f7064c081e00/dynamic_selected_borderline/000d17feca83c44daa7328ba.csv,5039012.38662814,0.895620778762634,0,0,0.0,raw/kaggle/selected_borderline/f410f7064c081e00/dynamic_selected_borderline/e76dadfe2173aebc0dc23e75.csv,4608341.962329756,0.6423307389999982,-1792853.4670831899,-0.4827224119999982,2357292.1229228955,0.11603899800000023,-1558918.1913361698,-0.08889695800000011
borderline,11,5,1848342919271887336,10023744032943361542,0,5837386.318214865,seed/workload paired; oracle timing repetition=0,8,5551609.77974688,1.0,0,0,0.0,raw/kaggle/selected_borderline/f410f7064c081e00/dynamic_selected_borderline/910cd43f191cd76c3759cf09.csv,1246338.43683373,0.22450036769164916,8,573.861125,0.7152251774921473,raw/kaggle/perfect_borderline/f410f7064c081e00/dynamic_perfect_borderline/e6bdcc2984d828c7c94b0b24.csv,3481353.06184549,0.627088934554802,8,72.307879,0.25172925595220336,raw/kaggle/perfect_borderline/f410f7064c081e00/dynamic_perfect_borderline/9e308f4ae0dcdf3e7f327309.csv,3084365.84150576,0.5555804467306037,1,49.986634,0.15417706644145038,raw/kaggle/selected_borderline/f410f7064c081e00/dynamic_selected_borderline/f7f2d2fa54098564cffb9d59.csv,4981102.41967959,0.897235687899285,0,0,0.0,raw/kaggle/selected_borderline/f410f7064c081e00/dynamic_selected_borderline/173c5ceb9f7775bf5c15e81e.csv,4591047.881381135,0.6310407390000019,-1838027.40467203,-0.4781345300000019,2356033.2563693756,0.11593509200000024,-1499749.3578340998,-0.08648586700000035
borderline,11,6,1848342919271887336,10023744032943361542,0,5837386.318214865,seed/workload paired; oracle timing repetition=0,8,5680133.98981671,1.0,0,0,0.0,raw/kaggle/selected_borderline/f410f7064c081e00/dynamic_selected_borderline/d952251c8d741cc1663c992b.csv,1251386.23091846,0.22030928023210955,8,568.520088,0.7114382101237534,raw/kaggle/perfect_borderline/f410f7064c081e00/dynamic_perfect_borderline/72fa2bae453a8d924e1f0160.csv,3528918.53814098,0.6212738193267257,8,71.592396,0.25264373343433,raw/kaggle/perfect_borderline/f410f7064c081e00/dynamic_perfect_borderline/38b3901001a1d50df71751d9.csv,2917615.97502348,0.5136526673937893,1,50.392225,0.1470251606769776,raw/kaggle/selected_borderline/f410f7064c081e00/dynamic_selected_borderline/8570cfb78b50782e722be7e2.csv,4920591.25234017,0.8662808414663735,0,0,0.0,raw/kaggle/selected_borderline/f410f7064c081e00/dynamic_selected_borderline/44c93d78e84e65faae917e8c.csv,4586000.087296406,0.6278042490000024,-1666229.74410502,-0.4563682080000025,2308467.7800738853,0.11206338799999987,-1391672.7141991896,-0.08014532399999977
borderline,11,7,1848342919271887336,10023744032943361542,0,5837386.318214865,seed/workload paired; oracle timing repetition=0,8,5675102.98722893,1.0,0,0,0.0,raw/kaggle/selected_borderline/f410f7064c081e00/dynamic_selected_borderline/bcd8696f9d1ce571134c95ff.csv,1253711.55979002,0.22091432747763917,8,571.797193,0.7168687507195833,raw/kaggle/perfect_borderline/f410f7064c081e00/dynamic_perfect_borderline/4035f3490458bcb9e5769d7b.csv,3467845.06723852,0.6110629313763023,8,72.118447,0.25009560068585235,raw/kaggle/perfect_borderline/f410f7064c081e00/dynamic_perfect_borderline/ce32515177155eb92203c872.csv,3038689.76802202,0.5354422245482047,1,50.080229,0.1521782794424995,raw/kaggle/selected_borderline/f410f7064c081e00/dynamic_selected_borderline/beefc77d664079d65c7c32e8.csv,5019216.06871909,0.8844273099561669,0,0,0.0,raw/kaggle/selected_borderline/f410f7064c081e00/dynamic_selected_borderline/b6ea6b23804846d3e8ca9ecc.csv,4583674.7584248455,0.626322087999998,-1784978.2082319998,-0.4685424289999984,2369541.2509763455,0.1170539709999997,-1551371.00148057,-0.08912921699999965
borderline,11,8,1848342919271887336,10023744032943361542,0,5837386.318214865,seed/workload paired; oracle timing repetition=0,8,5676334.06906191,1.0,0,0,0.0,raw/kaggle/selected_borderline/f410f7064c081e00/dynamic_selected_borderline/5170ae84049fbfc06d61d3de.csv,1255223.78322912,0.22113282410042553,8,572.930825,0.7191563976850802,raw/kaggle/perfect_borderline/f410f7064c081e00/dynamic_perfect_borderline/98b7b9031878bcf11fe529f3.csv,3512341.49167253,0.6187693410816096,8,72.713247,0.2553937544323334,raw/kaggle/perfect_borderline/f410f7064c081e00/dynamic_perfect_borderline/7d18a18e831c276cf2c71a7b.csv,3020506.67591932,0.5321227819169739,1,49.698807,0.15011557832872605,raw/kaggle/selected_borderline/f410f7064c081e00/dynamic_selected_borderline/a736007869d4f683772b1e90.csv,5018913.65061952,0.8841822185861874,0,0,0.0,raw/kaggle/selected_borderline/f410f7064c081e00/dynamic_selected_borderline/051304119af7c7fe1b0bb29f.csv,4582162.534985745,0.6253611459999993,-1765282.8926902,-0.4656004089999987,2325044.8265423356,0.11340081100000043,-1506572.15894699,-0.08546405200000048
borderline,11,9,1848342919271887336,10023744032943361542,0,5837386.318214865,seed/workload paired; oracle timing repetition=0,8,5672203.53899216,1.0,0,0,0.0,raw/kaggle/selected_borderline/f410f7064c081e00/dynamic_selected_borderline/a57b97d1c71e2997219f7759.csv,1267410.25144503,0.22344230821981825,8,567.966555,0.7198466342849177,raw/kaggle/perfect_borderline/f410f7064c081e00/dynamic_perfect_borderline/8da43b5673c11fc46f197f2f.csv,3450058.86438684,0.6082396092929783,8,71.855031,0.24790408665234084,raw/kaggle/perfect_borderline/f410f7064c081e00/dynamic_perfect_borderline/bcb03c2ba893dc501c57e982.csv,3017662.45378356,0.5320088450704186,1,51.598399,0.15570655133764302,raw/kaggle/selected_borderline/f410f7064c081e00/dynamic_selected_borderline/56fe3840953b5ba22f022d25.csv,4867619.46650784,0.8581531732855837,0,0,0.0,raw/kaggle/selected_borderline/f410f7064c081e00/dynamic_selected_borderline/996a23f7568fd215bbbe649c.csv,4569976.066769836,0.6177009570000003,-1750252.20233853,-0.4576281780000007,2387327.4538280256,0.11854058099999965,-1417560.6021210002,-0.08441089599999982
borderline,23,0,7570011103470550434,3226054422936332713,0,5694182.354675256,seed/workload paired; oracle timing repetition=0,8,5601242.55724393,1.0,0,0,0.0,raw/kaggle/selected_borderline/f410f7064c081e00/dynamic_selected_borderline/f1b42ed52b714c27667664af.csv,1248867.43490605,0.22296256984817142,8,575.983995,0.7193276543825914,raw/kaggle/perfect_borderline/f410f7064c081e00/dynamic_perfect_borderline/aac61dd8dd94af293af10468.csv,3552692.57166693,0.6342686529567144,8,71.644404,0.2545305418923045,raw/kaggle/perfect_borderline/f410f7064c081e00/dynamic_perfect_borderline/24242b524fcd0f52c2076d86.csv,3056107.58026778,0.5456124331404648,1,49.389726,0.15094031601594862,raw/kaggle/selected_borderline/f410f7064c081e00/dynamic_selected_borderline/bcab5793cbcecc768b9011a5.csv,5069992.05146926,0.9051548829843802,0,0,0.0,raw/kaggle/selected_borderline/f410f7064c081e00/dynamic_selected_borderline/37c500ea8d3a566c5a781745.csv,4445314.919769205,0.6251076600000025,-1807240.14536173,-0.4735118870000025,2141489.783008326,0.10585881000000008,-1517299.47980233,-0.08423768100000001
borderline,23,1,7570011103470550434,3226054422936332713,0,5694182.354675256,seed/workload paired; oracle timing repetition=0,8,5626058.31783017,1.0,0,0,0.0,raw/kaggle/selected_borderline/f410f7064c081e00/dynamic_selected_borderline/a8d05014d242e529c0ec2fea.csv,1259197.13177861,0.22381515808109342,8,569.591838,0.7172284086941075,raw/kaggle/perfect_borderline/f410f7064c081e00/dynamic_perfect_borderline/80c38d77e9474b75d6144e43.csv,3466796.80559635,0.616203496257644,8,72.69466,0.25201761507191295,raw/kaggle/perfect_borderline/f410f7064c081e00/dynamic_perfect_borderline/f09e9fffe3e5f2f25907692b.csv,3076439.03473833,0.5468196134740452,1,50.000966,0.15382492357702426,raw/kaggle/selected_borderline/f410f7064c081e00/dynamic_selected_borderline/f81a55caa37db36279ae23a8.csv,5036359.64591853,0.8951844011209839,0,0,0.0,raw/kaggle/selected_borderline/f410f7064c081e00/dynamic_selected_borderline/2cf59f822ff1baf23e30016f.csv,4434985.222896646,0.6185389890000008,-1817241.9029597202,-0.46910569300000043,2227385.5490789055,0.11283287100000022,-1569562.8403221802,-0.0898945960000001
borderline,23,2,7570011103470550434,3226054422936332713,0,5694182.354675256,seed/workload paired; oracle timing repetition=0,8,5737811.52845224,1.0,0,0,0.0,raw/kaggle/selected_borderline/f410f7064c081e00/dynamic_selected_borderline/0c95e5c8d6b8c05d45c486b5.csv,1250967.03035235,0.21802163144417455,8,577.076109,0.7219031863630172,raw/kaggle/perfect_borderline/f410f7064c081e00/dynamic_perfect_borderline/fb3ad2489be9de4fc5b141af.csv,3494694.63767135,0.6090640343172853,8,71.901334,0.251273206371217,raw/kaggle/perfect_borderline/f410f7064c081e00/dynamic_perfect_borderline/e8f5ab468845ec698aa2f278.csv,3009562.21279879,0.5245139541226116,1,50.662002,0.15247044684393696,raw/kaggle/selected_borderline/f410f7064c081e00/dynamic_selected_borderline/4f8de8d41d5004f05e43fbeb.csv,4990597.53956455,0.869773695914817,0,0,0.0,raw/kaggle/selected_borderline/f410f7064c081e00/dynamic_selected_borderline/186ae85497ea5fd00c5516a2.csv,4443215.324322905,0.623763739999998,-1758595.18244644,-0.46710733799999743,2199487.7170039057,0.11053019500000022,-1495902.9018932,-0.08577122700000037
borderline,23,3,7570011103470550434,3226054422936332713,0,5694182.354675256,seed/workload paired; oracle timing repetition=0,8,5655705.43633702,1.0,0,0,0.0,raw/kaggle/selected_borderline/f410f7064c081e00/dynamic_selected_borderline/be97e78de638be3d8390a585.csv,1213260.24584052,0.2145197021834824,8,575.528891,0.6982663237829826,raw/kaggle/perfect_borderline/f410f7064c081e00/dynamic_perfect_borderline/a08b294029af1256997bdb7d.csv,3503049.83926326,0.619383360518869,8,71.242942,0.24956757652174164,raw/kaggle/perfect_borderline/f410f7064c081e00/dynamic_perfect_borderline/5d72fc6244dc567312be5452.csv,3105202.93395472,0.5490390135957715,1,50.05962,0.1554452788966583,raw/kaggle/selected_borderline/f410f7064c081e00/dynamic_selected_borderline/d1aeaca57f5fc32f5219edc3.csv,5005531.41254274,0.8850410384499493,0,0,0.0,raw/kaggle/selected_borderline/f410f7064c081e00/dynamic_selected_borderline/d63011627907ef4b10e89239.csv,4480922.108834736,0.6486076340000011,-1891942.6881142,-0.5021853290000011,2191132.515411996,0.10984769699999991,-1502481.57327948,-0.08568654799999972
borderline,23,4,7570011103470550434,3226054422936332713,0,5694182.354675256,seed/workload paired; oracle timing repetition=0,8,5591600.44096256,1.0,0,0,0.0,raw/kaggle/selected_borderline/f410f7064c081e00/dynamic_selected_borderline/810602a43d350597edf2129f.csv,1255960.66844623,0.22461559650174578,8,571.751827,0.718097806824274,raw/kaggle/perfect_borderline/f410f7064c081e00/dynamic_perfect_borderline/d3679acfbf2b424e1d698b90.csv,3529561.46794123,0.6312256222895708,8,71.90977,0.253809953360516,raw/kaggle/perfect_borderline/f410f7064c081e00/dynamic_perfect_borderline/f5535dbc28fa70ffd7b0de65.csv,2932080.82815614,0.5243723794490939,1,50.681304,0.14860167980435326,raw/kaggle/selected_borderline/f410f7064c081e00/dynamic_selected_borderline/33ab7c90c7891554856478d6.csv,4973718.64685269,0.8894982213708558,0,0,0.0,raw/kaggle/selected_borderline/f410f7064c081e00/dynamic_selected_borderline/1b8e00b060c70d40218dad4d.csv,4438221.686229026,0.6205854380000009,-1676120.1597099102,-0.45514855900000056,2164620.8867340256,0.10770347699999966,-1444157.1789114596,-0.0822645069999996
borderline,23,5,7570011103470550434,3226054422936332713,0,5694182.354675256,seed/workload paired; oracle timing repetition=0,8,5620731.56024583,1.0,0,0,0.0,raw/kaggle/selected_borderline/f410f7064c081e00/dynamic_selected_borderline/c6b5dc025d577e46b5cbd1cf.csv,1266965.60061191,0.22540937723709717,8,565.44661,0.7164014038526183,raw/kaggle/perfect_borderline/f410f7064c081e00/dynamic_perfect_borderline/c2170f485018abeb73cb111a.csv,3491613.6381046,0.6212027030075583,8,72.02618,0.25148759238857693,raw/kaggle/perfect_borderline/f410f7064c081e00/dynamic_perfect_borderline/8c2556c2a64ff3b4a9e4b944.csv,2950138.12251676,0.5248672865614903,1,50.339163,0.14850748382188506,raw/kaggle/selected_borderline/f410f7064c081e00/dynamic_selected_borderline/8cf6ae2be76981de7e83cf74.csv,4992293.04776166,0.8881927546711226,0,0,0.0,raw/kaggle/selected_borderline/f410f7064c081e00/dynamic_selected_borderline/34b77fd9e864a2cc61f4ffd9.csv,4427216.7540633455,0.6136695729999999,-1683172.5219048501,-0.4503202320000002,2202568.716570656,0.11078269200000024,-1500679.4096570602,-0.08609177700000037
borderline,23,6,7570011103470550434,3226054422936332713,0,5694182.354675256,seed/workload paired; oracle timing repetition=0,8,5620891.86578817,1.0,0,0,0.0,raw/kaggle/selected_borderline/f410f7064c081e00/dynamic_selected_borderline/87b43ef6765be7efcb0419a9.csv,1255454.95018925,0.2233551151963334,8,569.489094,0.7149679021410932,raw/kaggle/perfect_borderline/f410f7064c081e00/dynamic_perfect_borderline/f23cd787f319db4459fa9fe3.csv,3480898.11905493,0.6192786131043695,8,72.137181,0.2511021776568251,raw/kaggle/perfect_borderline/f410f7064c081e00/dynamic_perfect_borderline/c3c647cd032477831853fe4d.csv,2856501.02584664,0.5081935561210262,1,50.84623,0.1452423081554344,raw/kaggle/selected_borderline/f410f7064c081e00/dynamic_selected_borderline/80696c9f8866fcf926231484.csv,4994848.98705936,0.8886221450835499,0,0,0.0,raw/kaggle/selected_borderline/f410f7064c081e00/dynamic_selected_borderline/92628e31b93e51f28f52b0cb.csv,4438727.404486006,0.6209061620000023,-1601046.07565739,-0.4464453590000019,2213284.235620326,0.11166434100000006,-1513950.8680044306,-0.08707592700000005
borderline,23,7,7570011103470550434,3226054422936332713,0,5694182.354675256,seed/workload paired; oracle timing repetition=0,8,5540973.59083885,1.0,0,0,0.0,raw/kaggle/selected_borderline/f410f7064c081e00/dynamic_selected_borderline/b9cf3e4e319025755f8bcb40.csv,1203950.62528175,0.21728142275796042,8,577.185676,0.6949030555238696,raw/kaggle/perfect_borderline/f410f7064c081e00/dynamic_perfect_borderline/005f63878309b253ab985ffb.csv,3550233.53773483,0.640723778868861,8,71.140235,0.2525644481793375,raw/kaggle/perfect_borderline/f410f7064c081e00/dynamic_perfect_borderline/c54f850e9ce508372ad1ae25.csv,2871106.13730892,0.5181591448217429,1,50.098482,0.14383805914006056,raw/kaggle/selected_borderline/f410f7064c081e00/dynamic_selected_borderline/be1d910fdbc7e0a65aea8277.csv,4820044.80800414,0.8698913158462522,0,0,0.0,raw/kaggle/selected_borderline/f410f7064c081e00/dynamic_selected_borderline/65429faaf1f08f976ac6e83f.csv,4490231.7293935055,0.654981007,-1667155.5120271698,-0.48230102899999966,2143948.816940426,0.10605377200000032,-1269811.27026931,-0.07420466000000017
borderline,23,8,7570011103470550434,3226054422936332713,0,5694182.354675256,seed/workload paired; oracle timing repetition=0,8,5681065.95703942,1.0,0,0,0.0,raw/kaggle/selected_borderline/f410f7064c081e00/dynamic_selected_borderline/6f6e626b09caa4168d97a7f0.csv,1252731.34110441,0.2205099096855491,8,571.278118,0.7156580029057429,raw/kaggle/perfect_borderline/f410f7064c081e00/dynamic_perfect_borderline/ebe73ab4d7aa62fcd3517adb.csv,3501641.22449438,0.6163704577581061,8,72.672555,0.25447321447733534,raw/kaggle/perfect_borderline/f410f7064c081e00/dynamic_perfect_borderline/78f09e56fbe1d4f303571906.csv,2916231.79575109,0.5133247559179597,1,49.873429,0.14544247941293453,raw/kaggle/selected_borderline/f410f7064c081e00/dynamic_selected_borderline/6d74688c29e9a6fa644be061.csv,4736964.3289154,0.833816112105831,0,0,0.0,raw/kaggle/selected_borderline/f410f7064c081e00/dynamic_selected_borderline/b22730715508fd328d5402f5.csv,4441451.013570846,0.6226379139999996,-1663500.4546466803,-0.4553474829999994,2192541.130180876,0.10996253200000022,-1235323.1044210205,-0.07447470700000022
borderline,23,9,7570011103470550434,3226054422936332713,0,5694182.354675256,seed/workload paired; oracle timing repetition=0,8,5562460.36121216,1.0,0,0,0.0,raw/kaggle/selected_borderline/f410f7064c081e00/dynamic_selected_borderline/82dd8253f4ff0eada5d32dc7.csv,1254620.27717894,0.2255513200467168,8,572.19138,0.7178829077750013,raw/kaggle/perfect_borderline/f410f7064c081e00/dynamic_perfect_borderline/202b9bd4b8241ec948edf0b6.csv,3534407.1460736,0.6354035654293434,8,71.209734,0.2516841927196005,raw/kaggle/perfect_borderline/f410f7064c081e00/dynamic_perfect_borderline/183544b26d6fcc71c9415967.csv,3010146.66861379,0.5411538191991403,1,49.119629,0.14785728759789532,raw/kaggle/selected_borderline/f410f7064c081e00/dynamic_selected_borderline/ab628b6da4afb509927bb9b5.csv,4967088.96260976,0.892966176846129,0,0,0.0,raw/kaggle/selected_borderline/f410f7064c081e00/dynamic_selected_borderline/96e5271615afce780fb0dc7c.csv,4439562.077496316,0.6214360730000013,-1755526.3914348502,-0.4648441860000013,2159775.208601656,0.10731504300000039,-1432681.8165361607,-0.08160771800000036
borderline,37,0,3383243936115061064,17630820554237920152,0,5849995.309473761,seed/workload paired; oracle timing repetition=0,8,5507709.92643269,1.0,0,0,0.0,raw/kaggle/selected_borderline/f410f7064c081e00/dynamic_selected_borderline/e9412651887d9fcb6c80a521.csv,1256557.52765893,0.2281451900050943,8,569.240694,0.7152836790954933,raw/kaggle/perfect_borderline/f410f7064c081e00/dynamic_perfect_borderline/629893572c263c566ebfb56c.csv,3515813.45034767,0.6383439755014187,8,71.41643,0.2510868451698127,raw/kaggle/perfect_borderline/f410f7064c081e00/dynamic_perfect_borderline/03e7a36a5fcbb949c3e45dd9.csv,2977624.8938112,0.5406284887155975,1,49.461782,0.14727863337546254,raw/kaggle/selected_borderline/f410f7064c081e00/dynamic_selected_borderline/7b152442a43df71255b6a762.csv,4970559.17915947,0.9024729416675854,0,0,0.0,raw/kaggle/selected_borderline/f410f7064c081e00/dynamic_selected_borderline/1e12702d5f17e2dbe8d53e49.csv,4593437.781814831,0.6248847759999998,-1721067.3661522698,-0.4599869460000001,2334181.8591260915,0.11348888999999984,-1454745.7288118,-0.08324458999999979
borderline,37,1,3383243936115061064,17630820554237920152,0,5849995.309473761,seed/workload paired; oracle timing repetition=0,8,5515333.94100547,1.0,0,0,0.0,raw/kaggle/selected_borderline/f410f7064c081e00/dynamic_selected_borderline/d51d1d6f0c7c93d4aa4735e4.csv,1256072.08325369,0.22774180071219813,8,571.261403,0.7175455005486377,raw/kaggle/perfect_borderline/f410f7064c081e00/dynamic_perfect_borderline/190e10b9d90b406f54062348.csv,3532282.61701379,0.6404476419373147,8,71.351269,0.2520328471905752,raw/kaggle/perfect_borderline/f410f7064c081e00/dynamic_perfect_borderline/250177f1c220a52c1ea9b941.csv,2938993.03215597,0.5328767149174976,1,50.540779,0.1485389973207346,raw/kaggle/selected_borderline/f410f7064c081e00/dynamic_selected_borderline/5d53c6d7a3e5f76c966faf78.csv,4889284.49936836,0.8864892954200742,0,0,0.0,raw/kaggle/selected_borderline/f410f7064c081e00/dynamic_selected_borderline/fc79d0d936c0fc0553076f5e.csv,4593923.226220071,0.6251923450000023,-1682920.94890228,-0.45588006000000264,2317712.692459971,0.11216274700000028,-1357001.88235457,-0.07857415100000015
borderline,37,2,3383243936115061064,17630820554237920152,0,5849995.309473761,seed/workload paired; oracle timing repetition=0,8,5634690.36793238,1.0,0,0,0.0,raw/kaggle/selected_borderline/f410f7064c081e00/dynamic_selected_borderline/213d22e4cb0adf515f30379d.csv,1256582.96010903,0.223008342616371,8,571.93181,0.7186797667903161,raw/kaggle/perfect_borderline/f410f7064c081e00/dynamic_perfect_borderline/c54ded7fe012a11303a42baf.csv,3462174.94245346,0.6144392533362728,8,72.29471,0.2502969334339395,raw/kaggle/perfect_borderline/f410f7064c081e00/dynamic_perfect_borderline/4df3b2f215fa439414e8c733.csv,2923307.60667704,0.5188053674277993,1,49.420746,0.144472042709454,raw/kaggle/selected_borderline/f410f7064c081e00/dynamic_selected_borderline/70314c0d392055bdbe070811.csv,4917670.08856183,0.8727489475817184,0,0,0.0,raw/kaggle/selected_borderline/f410f7064c081e00/dynamic_selected_borderline/94496a85534df8a65b55603b.csv,4593412.349364731,0.6248686690000009,-1666724.64656801,-0.4537307100000007,2387820.3670203015,0.11789547199999995,-1455495.1461083703,-0.08548744999999999
borderline,37,3,3383243936115061064,17630820554237920152,0,5849995.309473761,seed/workload paired; oracle timing repetition=0,8,5524756.72493416,1.0,0,0,0.0,raw/kaggle/selected_borderline/f410f7064c081e00/dynamic_selected_borderline/d5a59ff8e7b1b721fc44153f.csv,1269741.11749903,0.22982751652547415,8,566.73861,0.7196113159912473,raw/kaggle/perfect_borderline/f410f7064c081e00/dynamic_perfect_borderline/8d6e5929c442292fe5e4b283.csv,3520877.91879723,0.6372910327267287,8,71.280413,0.2509696321744471,raw/kaggle/perfect_borderline/f410f7064c081e00/dynamic_perfect_borderline/d875c2cdd92a4a5077f00960.csv,2970341.39660427,0.537642025611484,1,49.224001,0.14621208787678983,raw/kaggle/selected_borderline/f410f7064c081e00/dynamic_selected_borderline/96dd355a21ecce1e8dc7fc3c.csv,4958889.19691856,0.8975760280155425,0,0,0.0,raw/kaggle/selected_borderline/f410f7064c081e00/dynamic_selected_borderline/f752d011897fc635c68a3443.csv,4580254.191974731,0.6166218070000005,-1700600.2791052402,-0.4509004770000008,2329117.3906765315,0.1130797640000002,-1438011.2781213303,-0.08236200700000035
borderline,37,4,3383243936115061064,17630820554237920152,0,5849995.309473761,seed/workload paired; oracle timing repetition=0,8,5575024.96747057,1.0,0,0,0.0,raw/kaggle/selected_borderline/f410f7064c081e00/dynamic_selected_borderline/f98c9626fdd66cba7dfa3131.csv,1228737.99151903,0.2204004463995284,8,586.645406,0.7208334979023083,raw/kaggle/perfect_borderline/f410f7064c081e00/dynamic_perfect_borderline/f23b6a5ee749e94239a09ada.csv,3598939.0932175,0.6455467220715184,8,71.260794,0.2564632573403188,raw/kaggle/perfect_borderline/f410f7064c081e00/dynamic_perfect_borderline/862e0d2ce07f3ad79a92952d.csv,2793528.97450347,0.5010791863360775,1,50.389145,0.1407635365579569,raw/kaggle/selected_borderline/f410f7064c081e00/dynamic_selected_borderline/cc60095f8f37824a89d5b73c.csv,4913571.86775701,0.8813542354387579,0,0,0.0,raw/kaggle/selected_borderline/f410f7064c081e00/dynamic_selected_borderline/beb5df508e3c431cef7d76bd.csv,4621257.317954731,0.6429028440000029,-1564790.9829844402,-0.45587299700000217,2251056.2162562613,0.10691935399999974,-1314632.7745395103,-0.07434172699999969
borderline,37,5,3383243936115061064,17630820554237920152,0,5849995.309473761,seed/workload paired; oracle timing repetition=0,8,5544318.23894356,1.0,0,0,0.0,raw/kaggle/selected_borderline/f410f7064c081e00/dynamic_selected_borderline/76daefde21d8d4cdace4d24a.csv,1269754.50570196,0.22901905175340456,8,568.370807,0.7216913930977092,raw/kaggle/perfect_borderline/f410f7064c081e00/dynamic_perfect_borderline/bb3490d7ea039373676c56e3.csv,3538112.41603537,0.6381510338247716,8,71.787324,0.25399162235835415,raw/kaggle/perfect_borderline/f410f7064c081e00/dynamic_perfect_borderline/5dfc216d2af36616cef7a243.csv,2879840.83280988,0.51942199359729,1,49.183544,0.14164077831350144,raw/kaggle/selected_borderline/f410f7064c081e00/dynamic_selected_borderline/9906650cc9dfd24c55b6b23a.csv,4911220.264182,0.8858113933080809,0,0,0.0,raw/kaggle/selected_borderline/f410f7064c081e00/dynamic_selected_borderline/76dd96d004e4dc68d8aa49b8.csv,4580240.803771801,0.6166135030000002,-1610086.3271079198,-0.44031239799999994,2311882.8934383914,0.11169627400000032,-1373107.8481466305,-0.07902119800000018
borderline,37,6,3383243936115061064,17630820554237920152,0,5849995.309473761,seed/workload paired; oracle timing repetition=0,8,5547161.2829266,1.0,0,0,0.0,raw/kaggle/selected_borderline/f410f7064c081e00/dynamic_selected_borderline/1b9a9025efca52c22882cef3.csv,1263471.29998978,0.22776898589167957,8,573.335432,0.7243928635992405,raw/kaggle/perfect_borderline/f410f7064c081e00/dynamic_perfect_borderline/98ed7c4c5cd33bd23aa2a3df.csv,3588210.42655296,0.6468552550647804,8,71.971407,0.25824855301108696,raw/kaggle/perfect_borderline/f410f7064c081e00/dynamic_perfect_borderline/8899705a27cceb0a1f783189.csv,2812844.91368036,0.5070782640371229,1,50.263549,0.14138356814817343,raw/kaggle/selected_borderline/f410f7064c081e00/dynamic_selected_borderline/c6dcee4ff8eb5cd476d131ed.csv,4947047.98565309,0.891816144030177,0,0,0.0,raw/kaggle/selected_borderline/f410f7064c081e00/dynamic_selected_borderline/c78dd2c86674a42428f01f02.csv,4586524.009483982,0.6205299849999983,-1549373.6136905802,-0.4359583359999987,2261784.882920801,0.10775014800000032,-1358837.55910013,-0.0765497040000005
borderline,37,7,3383243936115061064,17630820554237920152,0,5849995.309473761,seed/workload paired; oracle timing repetition=0,8,5506554.19816058,1.0,0,0,0.0,raw/kaggle/selected_borderline/f410f7064c081e00/dynamic_selected_borderline/87fe32738cfd94481ce901a8.csv,1276708.77958667,0.23185257670089657,8,561.820448,0.7172810985129178,raw/kaggle/perfect_borderline/f410f7064c081e00/dynamic_perfect_borderline/e487a06b92e4eed2a9e3353e.csv,3566336.61968756,0.6476530496837506,8,70.541446,0.2515745420755128,raw/kaggle/perfect_borderline/f410f7064c081e00/dynamic_perfect_borderline/15c1f0b56742aae8934f3079.csv,2926845.84137879,0.5315203911652189,1,49.469263,0.14478890668762381,raw/kaggle/selected_borderline/f410f7064c081e00/dynamic_selected_borderline/d7a442786b4994a1d54154fd.csv,4878418.65981088,0.8859294731795205,0,0,0.0,raw/kaggle/selected_borderline/f410f7064c081e00/dynamic_selected_borderline/ad2590e03d3d824547c60389.csv,4573286.529887091,0.6123236720000016,-1650137.0617921199,-0.4415992480000012,2283658.6897862013,0.10945947100000031,-1312082.0401233202,-0.0754153220000005
borderline,37,8,3383243936115061064,17630820554237920152,0,5849995.309473761,seed/workload paired; oracle timing repetition=0,8,5502435.74397226,1.0,0,0,0.0,raw/kaggle/selected_borderline/f410f7064c081e00/dynamic_selected_borderline/88b7eeae0800b93215346883.csv,1263808.64816827,0.22968167316678464,8,567.131581,0.7167457967171423,raw/kaggle/perfect_borderline/f410f7064c081e00/dynamic_perfect_borderline/48aac80d5801a8686a728c9e.csv,3515505.50439747,0.6388998741600195,8,71.304717,0.25067212510300385,raw/kaggle/perfect_borderline/f410f7064c081e00/dynamic_perfect_borderline/4be768ca2ac2480ff31e08d8.csv,2941357.50249146,0.5345555385564696,1,50.232788,0.14775258785486312,raw/kaggle/selected_borderline/f410f7064c081e00/dynamic_selected_borderline/ad88c82ae4e045ac2c476da2.csv,4955923.87155782,0.9006781909242418,0,0,0.0,raw/kaggle/selected_borderline/f410f7064c081e00/dynamic_selected_borderline/7a0c7672c05fabd49ab1ce7a.csv,4586186.661305491,0.6203187179999985,-1677548.8543231902,-0.4512799519999982,2334489.8050762913,0.11351380500000002,-1440418.3671603496,-0.08267538800000013
borderline,37,9,3383243936115061064,17630820554237920152,0,5849995.309473761,seed/workload paired; oracle timing repetition=0,8,5611741.81103209,1.0,0,0,0.0,raw/kaggle/selected_borderline/f410f7064c081e00/dynamic_selected_borderline/d28aafe04ecdfc7c30b6d9c8.csv,1261508.5437571,0.22479803708665064,8,569.260759,0.7181273111041517,raw/kaggle/perfect_borderline/f410f7064c081e00/dynamic_perfect_borderline/e56650a9cd2eb1d72743fd08.csv,3555280.15881408,0.6335430742420786,8,70.803741,0.251727135547111,raw/kaggle/perfect_borderline/f410f7064c081e00/dynamic_perfect_borderline/7c95a48c4f0ef76c81e77713.csv,3103149.28100854,0.5529743501221095,1,49.308087,0.1530103547219563,raw/kaggle/selected_borderline/f410f7064c081e00/dynamic_selected_borderline/aea6aa1f793fdf5e5f290992.csv,4869599.05221241,0.8677517990295444,0,0,0.0,raw/kaggle/selected_borderline/f410f7064c081e00/dynamic_selected_borderline/9b0ae7ca0912b377a19f278d.csv,4588486.765716662,0.6217614180000004,-1841640.7372514403,-0.4704484570000009,2294715.1506596813,0.11033147800000004,-1314318.8933983296,-0.07591607000000017
borderline,53,0,13709578862208588617,635520570379302350,0,5608927.177469945,seed/workload paired; oracle timing repetition=0,8,5662522.26850585,1.0,0,0,0.0,raw/kaggle/selected_borderline/f410f7064c081e00/dynamic_selected_borderline/9ef0d86c4afe2c2238751cb5.csv,1265740.91220175,0.22352952486237848,8,565.162169,0.7153488793319823,raw/kaggle/perfect_borderline/f410f7064c081e00/dynamic_perfect_borderline/c17efba7fa492ad2eb9ed2ce.csv,3541245.78739156,0.6253831101181658,8,71.656196,0.25375220222550365,raw/kaggle/perfect_borderline/f410f7064c081e00/dynamic_perfect_borderline/4014304b225754b2572c2b5d.csv,3154483.00077186,0.5570808998521117,1,49.659756,0.15665085612447827,raw/kaggle/selected_borderline/f410f7064c081e00/dynamic_selected_borderline/486ad230f04a29ed7e08e0d6.csv,5026912.02595302,0.8877513919745615,0,0,0.0,raw/kaggle/selected_borderline/f410f7064c081e00/dynamic_selected_borderline/b8e7cb4f7822d9f4800dff7f.csv,4343186.2652681945,0.6117638860000031,-1888742.08857011,-0.4730419420000033,2067681.3900783844,0.10409928499999974,-1485666.2385614598,-0.08345721699999967
borderline,53,1,13709578862208588617,635520570379302350,0,5608927.177469945,seed/workload paired; oracle timing repetition=0,8,5669692.83497898,1.0,0,0,0.0,raw/kaggle/selected_borderline/f410f7064c081e00/dynamic_selected_borderline/64d6d31878e8f0f912aabc93.csv,1272334.29377396,0.22440973978772472,8,562.229515,0.7153438929064011,raw/kaggle/perfect_borderline/f410f7064c081e00/dynamic_perfect_borderline/6e94557974c3b3391246c01c.csv,3580309.60612749,0.6314821120535649,8,70.526615,0.25250711717215524,raw/kaggle/perfect_borderline/f410f7064c081e00/dynamic_perfect_borderline/e0219e562294cfd7c3ac69c0.csv,3127086.27469674,0.551544213366249,1,50.468589,0.15781963196521098,raw/kaggle/selected_borderline/f410f7064c081e00/dynamic_selected_borderline/0c6c6e3dee487ac8e1b824b3.csv,4730474.74434303,0.8343440962371939,0,0,0.0,raw/kaggle/selected_borderline/f410f7064c081e00/dynamic_selected_borderline/65240e2f624535b589f1fe0c.csv,4336592.883695984,0.6076697509999999,-1854751.9809227798,-0.46617045699999965,2028617.5713424548,0.10101824000000006,-1150165.1382155404,-0.06791018100000007
borderline,53,2,13709578862208588617,635520570379302350,0,5608927.177469945,seed/workload paired; oracle timing repetition=0,8,5749955.7785276,1.0,0,0,0.0,raw/kaggle/selected_borderline/f410f7064c081e00/dynamic_selected_borderline/5f1fbb9cc13c4c09ef0d19e5.csv,1270210.09691632,0.22090780274515168,8,564.277748,0.7167512929748022,raw/kaggle/perfect_borderline/f410f7064c081e00/dynamic_perfect_borderline/82f3120dfc6469665bc87bb7.csv,3570949.78358295,0.6210395211939124,8,71.176291,0.2541669609426868,raw/kaggle/perfect_borderline/f410f7064c081e00/dynamic_perfect_borderline/bf8284aa0a34c6ec1830f5ff.csv,3041736.69733108,0.5290017548813188,1,50.395114,0.15328866761998344,raw/kaggle/selected_borderline/f410f7064c081e00/dynamic_selected_borderline/894372ddc948ab63816ed532.csv,5069555.03009843,0.8816685250050043,0,0,0.0,raw/kaggle/selected_borderline/f410f7064c081e00/dynamic_selected_borderline/e26ce6f9e4849228a4724135.csv,4338717.080553625,0.6089841219999994,-1771526.6004147602,-0.4585117819999991,2037977.3938869946,0.10175032799999964,-1498605.2465154799,-0.08278157099999964
borderline,53,3,13709578862208588617,635520570379302350,0,5608927.177469945,seed/workload paired; oracle timing repetition=0,8,5775430.2938137,1.0,0,0,0.0,raw/kaggle/selected_borderline/f410f7064c081e00/dynamic_selected_borderline/9078d4c8fd4038ff1ff28bfa.csv,1266469.74404605,0.21928578125211165,8,560.830778,0.7102752118668053,raw/kaggle/perfect_borderline/f410f7064c081e00/dynamic_perfect_borderline/3ffdb75fdddaa8eacad37159.csv,3586881.84480851,0.6210588064149205,8,71.624044,0.2569069830753662,raw/kaggle/perfect_borderline/f410f7064c081e00/dynamic_perfect_borderline/74f7fe1a769d6563d01b0d86.csv,3028948.16343227,0.5244541115277074,1,49.458219,0.14980638160668078,raw/kaggle/selected_borderline/f410f7064c081e00/dynamic_selected_borderline/ed20d930b8eccf7060d3c9c6.csv,5076473.57158923,0.8789775503007713,0,0,0.0,raw/kaggle/selected_borderline/f410f7064c081e00/dynamic_selected_borderline/83660d27c3ce6efd1b66b10c.csv,4342457.433423894,0.6113092249999981,-1762478.41938622,-0.4594488279999986,2022045.3326614345,0.10050646900000029,-1489591.7267807196,-0.08180654500000037
borderline,53,4,13709578862208588617,635520570379302350,0,5608927.177469945,seed/workload paired; oracle timing repetition=0,8,5651632.33186051,1.0,0,0,0.0,raw/kaggle/selected_borderline/f410f7064c081e00/dynamic_selected_borderline/7aedc92a527dc50a37a21e4b.csv,1266130.3583254,0.22402914485213718,8,564.510007,0.7147432574411842,raw/kaggle/perfect_borderline/f410f7064c081e00/dynamic_perfect_borderline/cefbcc91d0e4a73e403c34c8.csv,3559030.67536013,0.6297349980281718,8,72.376925,0.25759169626323947,raw/kaggle/perfect_borderline/f410f7064c081e00/dynamic_perfect_borderline/05dc34aa2f7f2a4daa2f4c6e.csv,2799298.23048997,0.49530791568114,1,50.177784,0.14046258196110778,raw/kaggle/selected_borderline/f410f7064c081e00/dynamic_selected_borderline/926ec12896c8880baf2a8dd3.csv,5037838.37277458,0.8913952778517229,0,0,0.0,raw/kaggle/selected_borderline/f410f7064c081e00/dynamic_selected_borderline/eef5176496dab0655b1cbccb.csv,4342796.819144545,0.6115208760000002,-1533167.8721645703,-0.4325756990000006,2049896.5021098144,0.10268816700000002,-1478807.6974144494,-0.08247754800000007
borderline,53,5,13709578862208588617,635520570379302350,0,5608927.177469945,seed/workload paired; oracle timing repetition=0,8,5617785.82903862,1.0,0,0,0.0,raw/kaggle/selected_borderline/f410f7064c081e00/dynamic_selected_borderline/3510f6d3b3a5adf907601d34.csv,1252087.90980333,0.2228792531269569,8,568.03389,0.7112283660275567,raw/kaggle/perfect_borderline/f410f7064c081e00/dynamic_perfect_borderline/cffe825d57b8babd34461517.csv,3543926.03469138,0.6308403599818003,8,70.967651,0.25150410599979167,raw/kaggle/perfect_borderline/f410f7064c081e00/dynamic_perfect_borderline/69e6a21414c56ffe7950a157.csv,2995047.46438907,0.5331366405795532,1,49.473415,0.14817522615041834,raw/kaggle/selected_borderline/f410f7064c081e00/dynamic_selected_borderline/47c1c1601ae137b56d55b38c.csv,4909334.19516368,0.8738913060350365,0,0,0.0,raw/kaggle/selected_borderline/f410f7064c081e00/dynamic_selected_borderline/218025fb32da5465e06263f9.csv,4356839.267666615,0.620378752000002,-1742959.55458574,-0.46478144100000174,2065001.1427785647,0.10388571799999988,-1365408.1604723004,-0.07847932299999996
borderline,53,6,13709578862208588617,635520570379302350,0,5608927.177469945,seed/workload paired; oracle timing repetition=0,8,5720670.57105484,1.0,0,0,0.0,raw/kaggle/selected_borderline/f410f7064c081e00/dynamic_selected_borderline/e90a485a4eb495909904c0ee.csv,1266106.97133451,0.22132142650211217,8,565.919936,0.7165151761867805,raw/kaggle/perfect_borderline/f410f7064c081e00/dynamic_perfect_borderline/a476c14dacd26da747950e31.csv,3532648.73073786,0.6175235379943353,8,71.165912,0.2514041686986021,raw/kaggle/perfect_borderline/f410f7064c081e00/dynamic_perfect_borderline/32c24e05f038422dd2aa6708.csv,3060346.97589702,0.5349629799313403,1,49.14381,0.1503971103175577,raw/kaggle/selected_borderline/f410f7064c081e00/dynamic_selected_borderline/7e921124b30d89d8eacb3bb2.csv,4961218.35457105,0.8672441968033558,0,0,0.0,raw/kaggle/selected_borderline/f410f7064c081e00/dynamic_selected_borderline/82ad1c967230d6b4955d089c.csv,4342820.206135435,0.6115354650000009,-1794240.0045625102,-0.463062345000001,2076278.4467320847,0.10478650099999978,-1428569.6238331902,-0.08151032299999969
borderline,53,7,13709578862208588617,635520570379302350,0,5608927.177469945,seed/workload paired; oracle timing repetition=0,8,5713641.34613939,1.0,0,0,0.0,raw/kaggle/selected_borderline/f410f7064c081e00/dynamic_selected_borderline/3eee05786e9de5f4d526277e.csv,1252188.3352914,0.21915767186498017,8,569.158482,0.7126936120925621,raw/kaggle/perfect_borderline/f410f7064c081e00/dynamic_perfect_borderline/571203a92d38808109f3b6f3.csv,3559075.36403655,0.6229084306177805,8,72.576607,0.2583056139790629,raw/kaggle/perfect_borderline/f410f7064c081e00/dynamic_perfect_borderline/9db7864ac5867c6b8f23c0ab.csv,2997165.19124716,0.5245630605204671,1,49.52183,0.14842510508285947,raw/kaggle/selected_borderline/f410f7064c081e00/dynamic_selected_borderline/48638912fd9463fefd91a372.csv,5006194.48984493,0.8761828379773138,0,0,0.0,raw/kaggle/selected_borderline/f410f7064c081e00/dynamic_selected_borderline/7695193fc29837d2c45b127f.csv,4356738.842178544,0.6203146990000019,-1744976.85595576,-0.46495330300000165,2049851.8134333948,0.10268463900000027,-1447119.1258083805,-0.0812193260000004
borderline,53,8,13709578862208588617,635520570379302350,0,5608927.177469945,seed/workload paired; oracle timing repetition=0,8,5645894.44614154,1.0,0,0,0.0,raw/kaggle/selected_borderline/f410f7064c081e00/dynamic_selected_borderline/77718229f18823266f7e519a.csv,1268352.90160028,0.22465048075191787,8,562.880013,0.7139304977413526,raw/kaggle/perfect_borderline/f410f7064c081e00/dynamic_perfect_borderline/c020c6db3343f633c86e57f1.csv,3598459.31100969,0.6373585877909766,8,71.624925,0.25773937826662063,raw/kaggle/perfect_borderline/f410f7064c081e00/dynamic_perfect_borderline/ec60eed7553a144fa84044d5.csv,2906698.68127848,0.5148340460500367,1,50.230917,0.14600614020330868,raw/kaggle/selected_borderline/f410f7064c081e00/dynamic_selected_borderline/df58fd3decfcb7edd46ec894.csv,5074643.7468149,0.8988201595378676,0,0,0.0,raw/kaggle/selected_borderline/f410f7064c081e00/dynamic_selected_borderline/9f64d8153a98092309319b86.csv,4340574.275869665,0.6101368899999992,-1638345.7796782001,-0.44439119599999943,2010467.8664602544,0.09960949499999991,-1476184.43580521,-0.08083854099999993
borderline,53,9,13709578862208588617,635520570379302350,0,5608927.177469945,seed/workload paired; oracle timing repetition=0,8,5609215.49231664,1.0,0,0,0.0,raw/kaggle/selected_borderline/f410f7064c081e00/dynamic_selected_borderline/acc62649fecac656b7bc518d.csv,1269642.35920499,0.22634936399646505,8,565.748081,0.7182977282765381,raw/kaggle/perfect_borderline/f410f7064c081e00/dynamic_perfect_borderline/f80f169fe76532382a3f66e2.csv,3312341.38087319,0.5905177623163792,8,71.78798,0.23778629680329677,raw/kaggle/perfect_borderline/f410f7064c081e00/dynamic_perfect_borderline/6841fe8b7189bfdfccbe5d6f.csv,2926723.83485112,0.5217706181657794,1,48.913017,0.14315489268837805,raw/kaggle/selected_borderline/f410f7064c081e00/dynamic_selected_borderline/216e84a30df5094311cb8698.csv,4969255.56367543,0.885909191843706,0,0,0.0,raw/kaggle/selected_borderline/f410f7064c081e00/dynamic_selected_borderline/5ea7b04971e8bd1bd8ef0fa7.csv,4339284.818264955,0.6093361610000027,-1657081.47564613,-0.4459444000000027,2296585.796596755,0.12361403499999976,-1656914.18280224,-0.10066386299999977
borderline,71,0,4386406246703640161,15093596901403672416,0,5731882.133886174,seed/workload paired; oracle timing repetition=0,8,5525839.0055426,1.0,0,0,0.0,raw/kaggle/selected_borderline/f410f7064c081e00/dynamic_selected_borderline/07c7383e3dc84272dcf3da82.csv,1248176.71805799,0.22588003682445823,8,573.336924,0.7156258001397845,raw/kaggle/perfect_borderline/f410f7064c081e00/dynamic_perfect_borderline/78c5c7df2fecd9a584d60091.csv,3487094.29192235,0.6310524588980386,8,71.898462,0.25071671643819593,raw/kaggle/perfect_borderline/f410f7064c081e00/dynamic_perfect_borderline/dc53eef377dabc4488770687.csv,2762542.00562528,0.4999316850987441,1,50.601751,0.1397894626956908,raw/kaggle/selected_borderline/f410f7064c081e00/dynamic_selected_borderline/59d9ded0d4ba3b486599e8ba.csv,5014855.88369847,0.9075284094720102,0,0,0.0,raw/kaggle/selected_borderline/f410f7064c081e00/dynamic_selected_borderline/6505f9e3cf41b741ee5cc5ff.csv,4483705.415828184,0.6267058410000015,-1514365.28756729,-0.439183159000002,2244787.8419638244,0.11230894799999996,-1527761.59177612,-0.0873641869999999
borderline,71,1,4386406246703640161,15093596901403672416,0,5731882.133886174,seed/workload paired; oracle timing repetition=0,8,5560384.90430008,1.0,0,0,0.0,raw/kaggle/selected_borderline/f410f7064c081e00/dynamic_selected_borderline/f303c4d3e9c1d61931ab1a2a.csv,1263481.88713619,0.2272292132436886,8,569.979774,0.7201591204829807,raw/kaggle/perfect_borderline/f410f7064c081e00/dynamic_perfect_borderline/fd06f7dd75cb05d0924ee0ae.csv,3515598.33363733,0.6322580889892299,8,71.657926,0.25192048523750693,raw/kaggle/perfect_borderline/f410f7064c081e00/dynamic_perfect_borderline/9baa762331292cfac5615b17.csv,2919661.10150551,0.5250825530526876,1,51.575067,0.15058171692744035,raw/kaggle/selected_borderline/f410f7064c081e00/dynamic_selected_borderline/734398198dc4970c8ff8611a.csv,4977269.97767042,0.895130474478716,0,0,0.0,raw/kaggle/selected_borderline/f410f7064c081e00/dynamic_selected_borderline/7bab9bb5d939aa0da8f7af5a.csv,4468400.246749984,0.6170008970000018,-1656179.21436932,-0.4489581560000021,2216283.800248844,0.10998383799999978,-1461671.6440330897,-0.08353324899999962
borderline,71,2,4386406246703640161,15093596901403672416,0,5731882.133886174,seed/workload paired; oracle timing repetition=0,8,5698812.42903696,1.0,0,0,0.0,raw/kaggle/selected_borderline/f410f7064c081e00/dynamic_selected_borderline/fb5ae9fef2f280d25ac8fbc0.csv,1252422.32253824,0.2197690024252801,8,571.149359,0.7153202067150095,raw/kaggle/perfect_borderline/f410f7064c081e00/dynamic_perfect_borderline/d02f15643a80d3a67f893ff8.csv,3568143.84015629,0.6261205969818644,8,70.599766,0.2519101201693755,raw/kaggle/perfect_borderline/f410f7064c081e00/dynamic_perfect_borderline/345b764425472c1efb4b84bd.csv,2905703.88539478,0.5098788425794554,1,51.205313,0.14878747693695607,raw/kaggle/selected_borderline/f410f7064c081e00/dynamic_selected_borderline/6d98e2b15e4e57a7a84ec80a.csv,5015973.84522764,0.8801787929832404,0,0,0.0,raw/kaggle/selected_borderline/f410f7064c081e00/dynamic_selected_borderline/4d657aaded0c76ddf6314cc1.csv,4479459.811347934,0.6239899480000028,-1653281.5628565399,-0.4543020210000022,2163738.293729884,0.10579499600000003,-1447830.00507135,-0.08089467899999991
borderline,71,3,4386406246703640161,15093596901403672416,0,5731882.133886174,seed/workload paired; oracle timing repetition=0,8,5527997.62747187,1.0,0,0,0.0,raw/kaggle/selected_borderline/f410f7064c081e00/dynamic_selected_borderline/ca291093cc9298f41cce0ee6.csv,1270577.84842484,0.22984413779604243,8,566.013424,0.7191641184454981,raw/kaggle/perfect_borderline/f410f7064c081e00/dynamic_perfect_borderline/e4623757eb9261886831be6d.csv,3561114.27450827,0.6441960569612042,8,72.921304,0.25968109659015726,raw/kaggle/perfect_borderline/f410f7064c081e00/dynamic_perfect_borderline/26cb44fed3d105b32394c42f.csv,2961170.14333754,0.5356677666831376,1,51.11519,0.15136077449902574,raw/kaggle/selected_borderline/f410f7064c081e00/dynamic_selected_borderline/fd564dc34a7eb8ec21b818e2.csv,4973882.68912649,0.8997620882484361,0,0,0.0,raw/kaggle/selected_borderline/f410f7064c081e00/dynamic_selected_borderline/185cc11f1ba4cab5ab6d2f6c.csv,4461304.2854613345,0.6125807070000016,-1690592.2949126998,-0.4493391340000012,2170767.8593779043,0.10634821900000024,-1412768.4146182197,-0.07976080500000013
borderline,71,4,4386406246703640161,15093596901403672416,0,5731882.133886174,seed/workload paired; oracle timing repetition=0,8,5610618.09924131,1.0,0,0,0.0,raw/kaggle/selected_borderline/f410f7064c081e00/dynamic_selected_borderline/08802e6a37a0ff6b8af4bdb5.csv,1282621.61126144,0.22860611586357682,8,562.777676,0.7218308095730865,raw/kaggle/perfect_borderline/f410f7064c081e00/dynamic_perfect_borderline/79a45857fb644e49c5084b91.csv,3544715.06697658,0.6317869090850989,8,71.157714,0.25223382094741,raw/kaggle/perfect_borderline/f410f7064c081e00/dynamic_perfect_borderline/40c6897f098729dddc3d372d.csv,2992992.10054806,0.5334514036791748,1,50.368903,0.15075372879227156,raw/kaggle/selected_borderline/f410f7064c081e00/dynamic_selected_borderline/f64bb4f9d9a67533d26a6f81.csv,5051349.49327388,0.9003196089851391,0,0,0.0,raw/kaggle/selected_borderline/f410f7064c081e00/dynamic_selected_borderline/76059955c314b38ef6750621.csv,4449260.522624735,0.6051904019999976,-1710370.4892866202,-0.44553935399999756,2187167.0669095945,0.1076473579999997,-1506634.4262973005,-0.08414322199999988
borderline,71,5,4386406246703640161,15093596901403672416,0,5731882.133886174,seed/workload paired; oracle timing repetition=0,8,5736339.02048133,1.0,0,0,0.0,raw/kaggle/selected_borderline/f410f7064c081e00/dynamic_selected_borderline/58be03ca719bad4fda248dca.csv,1258353.87318145,0.21936532493783165,8,570.180506,0.717488848137658,raw/kaggle/perfect_borderline/f410f7064c081e00/dynamic_perfect_borderline/9bde0d6ba201e40463e8ef55.csv,3560096.44116134,0.6206216941589718,8,70.446492,0.2507963054615009,raw/kaggle/perfect_borderline/f410f7064c081e00/dynamic_perfect_borderline/e0c173f9e1ec8575e60b4aae.csv,3112274.93871666,0.5425542192684965,1,50.501103,0.15717331724444877,raw/kaggle/selected_borderline/f410f7064c081e00/dynamic_selected_borderline/52cd430b2afd4bc5fcd908e5.csv,5024540.61002043,0.8759141661747226,0,0,0.0,raw/kaggle/selected_borderline/f410f7064c081e00/dynamic_selected_borderline/b71f9c5f6796e127e7afb822.csv,4473528.260704724,0.620226250999999,-1853921.0655352098,-0.47338064099999877,2171785.692724834,0.10642850300000006,-1464444.1688590897,-0.081868097
borderline,71,6,4386406246703640161,15093596901403672416,0,5731882.133886174,seed/workload paired; oracle timing repetition=0,8,5772274.24522868,1.0,0,0,0.0,raw/kaggle/selected_borderline/f410f7064c081e00/dynamic_selected_borderline/c6c92c8690c6f7ea95535584.csv,1249228.45620549,0.2164187637547009,8,569.661239,0.7116370301560739,raw/kaggle/perfect_borderline/f410f7064c081e00/dynamic_perfect_borderline/144de86454263eb1a076a683.csv,3512355.69109065,0.6084873209192958,8,72.265434,0.2538219083790357,raw/kaggle/perfect_borderline/f410f7064c081e00/dynamic_perfect_borderline/8a1d939ce07a86c341f3c464.csv,3167371.97389044,0.5487216717931527,1,50.123304,0.1587591483283906,raw/kaggle/selected_borderline/f410f7064c081e00/dynamic_selected_borderline/4e3b5b41263349106d9e738b.csv,5011814.62626831,0.8682564987987256,0,0,0.0,raw/kaggle/selected_borderline/f410f7064c081e00/dynamic_selected_borderline/2686e46d394ab1dc366d0f13.csv,4482653.677680684,0.6260313289999968,-1918143.51768495,-0.4847749389999968,2219526.4427955244,0.11024644199999994,-1499458.9351776596,-0.08518067700000004
borderline,71,7,4386406246703640161,15093596901403672416,0,5731882.133886174,seed/workload paired; oracle timing repetition=0,8,5830788.87424843,1.0,0,0,0.0,raw/kaggle/selected_borderline/f410f7064c081e00/dynamic_selected_borderline/804c6f6cec84c686f7e8d722.csv,1246144.91673949,0.213718065190641,8,574.881469,0.7163856203220794,raw/kaggle/perfect_borderline/f410f7064c081e00/dynamic_perfect_borderline/38b46cfbbdd55f74c3a5208d.csv,3453701.24562778,0.5923214371353741,8,72.657848,0.2509385001422338,raw/kaggle/perfect_borderline/f410f7064c081e00/dynamic_perfect_borderline/3fd2cdbbbe09ea558ef83121.csv,3097626.83312058,0.531253471858875,1,50.257137,0.15567785612701696,raw/kaggle/selected_borderline/f410f7064c081e00/dynamic_selected_borderline/850b474b7a74c9c5af464529.csv,4998982.60705981,0.8573424136719687,0,0,0.0,raw/kaggle/selected_borderline/f410f7064c081e00/dynamic_selected_borderline/c774aaf40ada11ef3d9cb639.csv,4485737.217146684,0.6280121219999986,-1851481.9163810897,-0.4796471039999988,2278180.8882583943,0.11508167799999985,-1545281.3614320303,-0.0895037379999998
borderline,71,8,4386406246703640161,15093596901403672416,0,5731882.133886174,seed/workload paired; oracle timing repetition=0,8,5746863.03889233,1.0,0,0,0.0,raw/kaggle/selected_borderline/f410f7064c081e00/dynamic_selected_borderline/0c2e92a3d43556fefab39dd3.csv,1260518.8041025,0.2193403245512976,8,568.629108,0.7167676831940308,raw/kaggle/perfect_borderline/f410f7064c081e00/dynamic_perfect_borderline/aaf29524340f8bcd9ad55707.csv,3536440.30667883,0.6153688164735619,8,70.717779,0.2500892040544057,raw/kaggle/perfect_borderline/f410f7064c081e00/dynamic_perfect_borderline/217718cffd25155d77c8ecb1.csv,3049878.33242364,0.5307031526214141,1,50.15397,0.15296350638802506,raw/kaggle/selected_borderline/f410f7064c081e00/dynamic_selected_borderline/f2618c05571b57f8758ff16d.csv,5007458.70989757,0.8713377500053882,0,0,0.0,raw/kaggle/selected_borderline/f410f7064c081e00/dynamic_selected_borderline/083ed5ec2a7f1da8fe361104.csv,4471363.329783674,0.6188613789999995,-1789359.52832114,-0.46544221099999983,2195441.827207344,0.108307455,-1471018.4032187401,-0.08306812300000013
borderline,71,9,4386406246703640161,15093596901403672416,0,5731882.133886174,seed/workload paired; oracle timing repetition=0,8,5604234.30837371,1.0,0,0,0.0,raw/kaggle/selected_borderline/f410f7064c081e00/dynamic_selected_borderline/16df44f9a00a870f11c91c4e.csv,1268373.48549499,0.22632413559151465,8,566.856873,0.7189862277838026,raw/kaggle/perfect_borderline/f410f7064c081e00/dynamic_perfect_borderline/c2aed9ca2d9f93876f9e2010.csv,3557876.29026473,0.6348550211308328,8,71.22871,0.2534229384951421,raw/kaggle/perfect_borderline/f410f7064c081e00/dynamic_perfect_borderline/b40ba5571e0472a6938be53d.csv,3068789.7736828,0.5475841310020692,1,50.941299,0.15632813742931784,raw/kaggle/selected_borderline/f410f7064c081e00/dynamic_selected_borderline/419b1b6e500c4310206a9588.csv,5107627.46628304,0.9113872092484334,0,0,0.0,raw/kaggle/selected_borderline/f410f7064c081e00/dynamic_selected_borderline/a26e282ee97c238f8f63f397.csv,4463508.648391184,0.613948545000002,-1800416.2881878102,-0.46254995200000204,2174005.8436214444,0.1066037819999997,-1549751.1760183102,-0.08528092799999953
high,11,0,14279119663499422914,12562391955399010296,0,3901231.111892103,seed/workload paired; oracle timing repetition=0,480,3786518.46677672,1.0,0,0,0.0,raw/kaggle/selected_high/f410f7064c081e00/dynamic_selected_high/317db0c1547c0e558b9aea76.csv,22641.2757799264,0.005979444172419374,480,43520.505057,0.9853597570772186,raw/kaggle/perfect_high/f410f7064c081e00/dynamic_perfect_high/53c106e5e908468fc9374fa0.csv,230857.579787433,0.06096829628932218,480,3335.411923,0.7700051241379268,raw/kaggle/perfect_high/f410f7064c081e00/dynamic_perfect_high/647c93262874c1b6b26293cc.csv,3023838.0279467,0.7985800292480145,0,0,0.0,raw/kaggle/selected_high/f410f7064c081e00/dynamic_selected_high/acd117c79ba54bb721f1dd3a.csv,3437596.51804199,0.9078515127296474,0,0,0.0,raw/kaggle/selected_high/f410f7064c081e00/dynamic_selected_high/f8f78d8578ca58125c98d973.csv,3878589.836112177,43.910793118,-3001196.7521667737,-43.836416915,3670373.53210467,4.075345628999994,-3206738.938254557,-4.040774046999994
high,11,1,14279119663499422914,12562391955399010296,0,3901231.111892103,seed/workload paired; oracle timing repetition=0,480,3726489.43376094,1.0,0,0,0.0,raw/kaggle/selected_high/f410f7064c081e00/dynamic_selected_high/fe23f50a762c6371a033394b.csv,22502.6758390332,0.006038572291434754,480,43787.422774,0.9853341805100228,raw/kaggle/perfect_high/f410f7064c081e00/dynamic_perfect_high/2d05efd16ce5032c860d8201.csv,229974.50512985,0.06171344618512696,480,3349.459951,0.7702903946834759,raw/kaggle/perfect_high/f410f7064c081e00/dynamic_perfect_high/3418e5d695bde99da2d671c8.csv,2939867.35630114,0.7889106915658404,0,0,0.0,raw/kaggle/selected_high/f410f7064c081e00/dynamic_selected_high/f59f01225c1e39186eb33438.csv,3472409.59971385,0.9318179110491502,0,0,0.0,raw/kaggle/selected_high/f410f7064c081e00/dynamic_selected_high/b29467fd51dbf7f1925c9f9c.csv,3878728.4360530702,44.18283012400005,-2917364.680462107,-44.099008064000046,3671256.606762253,4.091978743999997,-3242435.094584,-4.060323625999996
high,11,2,14279119663499422914,12562391955399010296,0,3901231.111892103,seed/workload paired; oracle timing repetition=0,480,3740971.51129735,1.0,0,0,0.0,raw/kaggle/selected_high/f410f7064c081e00/dynamic_selected_high/5dc1c9aa4e5069be3978d63f.csv,22557.8248192753,0.006029937611434086,480,43683.797123,0.985411442941398,raw/kaggle/perfect_high/f410f7064c081e00/dynamic_perfect_high/49d8f11c5700dae14d1691cc.csv,227987.192032476,0.06094331147510162,480,3374.36552,0.7693121197960049,raw/kaggle/perfect_high/f410f7064c081e00/dynamic_perfect_high/d5402c1380c7a0a69b4d1de0.csv,2987550.20014211,0.7986027669871356,0,0,0.0,raw/kaggle/selected_high/f410f7064c081e00/dynamic_selected_high/eda122de3d1b844c2982a252.csv,3406801.25216844,0.9106728671630484,0,0,0.0,raw/kaggle/selected_high/f410f7064c081e00/dynamic_selected_high/339af96112f96fb4ccf7350c.csv,3878673.287072828,44.07418603500008,-2964992.375322835,-43.99579296700008,3673243.9198596273,4.129881967999996,-3178814.060135964,-4.092680830999996
high,11,3,14279119663499422914,12562391955399010296,0,3901231.111892103,seed/workload paired; oracle timing repetition=0,480,3767589.73205358,1.0,0,0,0.0,raw/kaggle/selected_high/f410f7064c081e00/dynamic_selected_high/2f65b62ca994ee476fcc2433.csv,22565.2293678803,0.005989301110973352,480,43661.000203,0.9852204840117628,raw/kaggle/perfect_high/f410f7064c081e00/dynamic_perfect_high/4adf752cbd234ade9b2d3462.csv,227350.69967537,0.06034380488436281,480,3384.292392,0.7694212432272327,raw/kaggle/perfect_high/f410f7064c081e00/dynamic_perfect_high/f38a1e4ad13e5fad68ed0b54.csv,3040822.38676551,0.8071001895177331,0,0,0.0,raw/kaggle/selected_high/f410f7064c081e00/dynamic_selected_high/123892c6f1d0dbb85386f0b9.csv,3252067.12443457,0.863169122892259,0,0,0.0,raw/kaggle/selected_high/f410f7064c081e00/dynamic_selected_high/ad56ef6151d1240fdc2deedd.csv,3878665.882524223,44.05963943099997,-3018257.1573976297,-43.98711036699997,3673880.412216733,4.142161631000008,-3024716.4247592,-4.090994244000007
high,11,4,14279119663499422914,12562391955399010296,0,3901231.111892103,seed/workload paired; oracle timing repetition=0,480,3789534.16836704,1.0,0,0,0.0,raw/kaggle/selected_high/f410f7064c081e00/dynamic_selected_high/5177fac5cff564c63e1eb27e.csv,22546.6596001317,0.005949717986009704,480,43702.491226,0.985345193350364,raw/kaggle/perfect_high/f410f7064c081e00/dynamic_perfect_high/a1c67f5f4ce3d5059599dd02.csv,229016.777003938,0.06043401822726521,480,3363.712239,0.7703465357444809,raw/kaggle/perfect_high/f410f7064c081e00/dynamic_perfect_high/ad5cd0c9ba5df99771e59cdd.csv,2952806.60310865,0.7792004167047933,0,0,0.0,raw/kaggle/selected_high/f410f7064c081e00/dynamic_selected_high/9d73e69ad57347e3c3bd65f8.csv,3463132.71335108,0.9138676574707835,0,0,0.0,raw/kaggle/selected_high/f410f7064c081e00/dynamic_selected_high/8a384f89252be8334776cbdd.csv,3878684.4522919715,44.09613872899999,-2930259.9435085184,-44.01380721799999,3672214.3348881654,4.110162988000005,-3234115.9363471423,-4.077736430000005
high,11,5,14279119663499422914,12562391955399010296,0,3901231.111892103,seed/workload paired; oracle timing repetition=0,480,3718445.84031018,1.0,0,0,0.0,raw/kaggle/selected_high/f410f7064c081e00/dynamic_selected_high/57edec3340783bb0461ddfd6.csv,22633.7960538932,0.006086896791269431,480,43538.693429,0.9854459075249651,raw/kaggle/perfect_high/f410f7064c081e00/dynamic_perfect_high/e347d4eb2ad0b3b29adb14d6.csv,228451.714494627,0.06143741883183387,480,3369.24413,0.769709598049459,raw/kaggle/perfect_high/f410f7064c081e00/dynamic_perfect_high/7cca4bb0be6bae17a54f1b92.csv,3030900.09006714,0.8150986245948153,0,0,0.0,raw/kaggle/selected_high/f410f7064c081e00/dynamic_selected_high/14fe1ccdc500b00aced77330.csv,3494304.93115578,0.9397218841472481,0,0,0.0,raw/kaggle/selected_high/f410f7064c081e00/dynamic_selected_high/e835b493d49ace8c760cc23f.csv,3878597.31583821,43.92538890099997,-3008266.2940132464,-43.851783248999965,3672779.3973974762,4.120963262000006,-3265853.216661153,-4.091112656000006
high,11,6,14279119663499422914,12562391955399010296,0,3901231.111892103,seed/workload paired; oracle timing repetition=0,480,3718164.11214911,1.0,0,0,0.0,raw/kaggle/selected_high/f410f7064c081e00/dynamic_selected_high/a46d5990fe5deb7fae309337.csv,22608.8302379399,0.006080643445528801,480,43585.000445,0.9854058759815405,raw/kaggle/perfect_high/f410f7064c081e00/dynamic_perfect_high/fafc5eb3ef52e3257b1cfb1b.csv,228453.472377994,0.061442546775039256,480,3368.89237,0.7696351599942286,raw/kaggle/perfect_high/f410f7064c081e00/dynamic_perfect_high/1877d96571c31265515a310e.csv,3006899.800669,0.8087055089483404,0,0,0.0,raw/kaggle/selected_high/f410f7064c081e00/dynamic_selected_high/3f486f24c4b91f4818fd44c0.csv,3481828.95098852,0.9364376735313096,0,0,0.0,raw/kaggle/selected_high/f410f7064c081e00/dynamic_selected_high/d62dbd571fc5c9a83ce875e0.csv,3878622.2816541633,43.97417659300003,-2984290.97043106,-43.897937486000025,3672777.639514109,4.120929579999994,-3253375.478610526,-4.0900535429999945
high,11,7,14279119663499422914,12562391955399010296,0,3901231.111892103,seed/workload paired; oracle timing repetition=0,480,3738549.70082555,1.0,0,0,0.0,raw/kaggle/selected_high/f410f7064c081e00/dynamic_selected_high/01a65139fd1cbea199ab1019.csv,22534.9114027127,0.0060277148108360094,480,43726.633303,0.9853758074220109,raw/kaggle/perfect_high/f410f7064c081e00/dynamic_perfect_high/0dff4ce0cd435bd22e2ac670.csv,227970.805484163,0.0609784070635258,480,3376.577764,0.769761152638995,raw/kaggle/perfect_high/f410f7064c081e00/dynamic_perfect_high/cb98a3c1f6d959ae007b6906.csv,2970114.83227261,0.794456425607167,0,0,0.0,raw/kaggle/selected_high/f410f7064c081e00/dynamic_selected_high/c2e06b8cd149ab6236c32050.csv,3475210.87944514,0.9295612356518198,0,0,0.0,raw/kaggle/selected_high/f410f7064c081e00/dynamic_selected_high/b7404908dd2f7f94151adab5.csv,3878696.2004893906,44.11926114299997,-2947579.9208698976,-44.038903164999965,3673260.30640794,4.130197249000005,-3247240.0739609767,-4.098774268000006
high,11,8,14279119663499422914,12562391955399010296,0,3901231.111892103,seed/workload paired; oracle timing repetition=0,480,3792523.96892215,1.0,0,0,0.0,raw/kaggle/selected_high/f410f7064c081e00/dynamic_selected_high/8b7511c1604034e30caf48a5.csv,22564.5112175374,0.005949734636469634,480,43672.532412,0.9854493475088393,raw/kaggle/perfect_high/f410f7064c081e00/dynamic_perfect_high/1cbabbc88e0a4222cfd38221.csv,231088.661889048,0.060932683295532156,480,3329.347186,0.769374386176808,raw/kaggle/perfect_high/f410f7064c081e00/dynamic_perfect_high/709e32eaedd17c9dfda84015.csv,2985722.51082531,0.7872652975411158,0,0,0.0,raw/kaggle/selected_high/f410f7064c081e00/dynamic_selected_high/32f7fe39d31a13e3bfddef6c.csv,3505739.14564176,0.9243815396737242,0,0,0.0,raw/kaggle/selected_high/f410f7064c081e00/dynamic_selected_high/0074a633da8422d8ff46ea73.csv,3878666.600674566,44.06104985499997,-2963157.9996077726,-43.98245188899997,3670142.4500030554,4.071014077000003,-3274650.483752712,-4.042096867000002
high,11,9,14279119663499422914,12562391955399010296,0,3901231.111892103,seed/workload paired; oracle timing repetition=0,480,3778443.78475167,1.0,0,0,0.0,raw/kaggle/selected_high/f410f7064c081e00/dynamic_selected_high/4b5ba6e85fac98fc2e7f4776.csv,22603.3489088064,0.005982184782005949,480,43600.542142,0.9855182666487444,raw/kaggle/perfect_high/f410f7064c081e00/dynamic_perfect_high/aa7d11fa243ac5085931f757.csv,229532.490447626,0.06074789080465611,480,3355.32780200001,0.7701567466612216,raw/kaggle/perfect_high/f410f7064c081e00/dynamic_perfect_high/d50f22d0c4b3305684fac03d.csv,3025622.53893215,0.8007589132706927,0,0,0.0,raw/kaggle/selected_high/f410f7064c081e00/dynamic_selected_high/f028be2417c046ecc56069a3.csv,3263274.65539102,0.8636557379946547,0,0,0.0,raw/kaggle/selected_high/f410f7064c081e00/dynamic_selected_high/fdaf1b8dfd9e3ab16d7bdc0d.csv,3878627.762983297,43.984902524000056,-3003019.190023344,-43.91072137100005,3671698.6214444772,4.100352356000002,-3033742.164943394,-4.050241049000002
high,23,0,4860225288794402949,10371451162800551865,0,3928149.8805699064,seed/workload paired; oracle timing repetition=0,488,3743416.65433866,1.0,0,0,0.0,raw/kaggle/selected_high/f410f7064c081e00/dynamic_selected_high/7806ba759eca5fb9a1ee780f.csv,21957.0192364179,0.005865502364255787,488,44842.621425,0.9846103012401297,raw/kaggle/perfect_high/f410f7064c081e00/dynamic_perfect_high/92b3f311fc209942d0033fcc.csv,228774.636400292,0.06111385868178465,488,3375.161405,0.7721513232211726,raw/kaggle/perfect_high/f410f7064c081e00/dynamic_perfect_high/88cb829584c8ebbf7bae3839.csv,3036442.79123765,0.8111420853242132,0,0,0.0,raw/kaggle/selected_high/f410f7064c081e00/dynamic_selected_high/bade0a4a3047a52aded8b1b1.csv,3467237.18991341,0.9262226222920831,0,0,0.0,raw/kaggle/selected_high/f410f7064c081e00/dynamic_selected_high/5ef909d3e4d33deeda6232a5.csv,3906192.8613334885,45.28894974599997,-3014485.772001232,-45.214189784999974,3699375.2441696143,4.116541158999993,-3238462.553513118,-4.082699856999994
high,23,1,4860225288794402949,10371451162800551865,0,3928149.8805699064,seed/workload paired; oracle timing repetition=0,488,3731456.98163325,1.0,0,0,0.0,raw/kaggle/selected_high/f410f7064c081e00/dynamic_selected_high/9d33060b888d39d032690963.csv,22001.6274564227,0.00589625649303148,488,44768.279056,0.984974997655281,raw/kaggle/perfect_high/f410f7064c081e00/dynamic_perfect_high/ae0e8c34d061202345bfa18b.csv,229518.471834359,0.06150907620376727,488,3363.490047,0.7719830956175173,raw/kaggle/perfect_high/f410f7064c081e00/dynamic_perfect_high/acc2eac6c63ade610669f403.csv,2990332.51513749,0.8013846950015294,0,0,0.0,raw/kaggle/selected_high/f410f7064c081e00/dynamic_selected_high/50d9f3cd8b2e319d53d45aa3.csv,3449031.88985922,0.9243123816878592,0,0,0.0,raw/kaggle/selected_high/f410f7064c081e00/dynamic_selected_high/aa45d13abd5e84acb36571b0.csv,3906148.2531134835,45.19661041899992,-2968330.887681067,-45.11677221899992,3698631.408735547,4.102375025000006,-3219513.4180248613,-4.067011364000006
high,23,2,4860225288794402949,10371451162800551865,0,3928149.8805699064,seed/workload paired; oracle timing repetition=0,488,3713318.39272251,1.0,0,0,0.0,raw/kaggle/selected_high/f410f7064c081e00/dynamic_selected_high/118208a4d9fb4b7cdba6e208.csv,22196.7545903767,0.005977606077054601,488,44375.210181,0.9849856502840443,raw/kaggle/perfect_high/f410f7064c081e00/dynamic_perfect_high/f4a5d5b7ddc03fb38b94f2a0.csv,229352.193239406,0.0617647529737548,488,3371.477528,0.7732557655041709,raw/kaggle/perfect_high/f410f7064c081e00/dynamic_perfect_high/d78e49e17c125fd721bc684b.csv,2932287.71472172,0.7896677323626542,0,0,0.0,raw/kaggle/selected_high/f410f7064c081e00/dynamic_selected_high/3164baa052adbec633913d7d.csv,3483497.34759371,0.9381089847885893,0,0,0.0,raw/kaggle/selected_high/f410f7064c081e00/dynamic_selected_high/ea5b3dc93901e14888fbd040.csv,3905953.1259795297,44.79705835500008,-2910090.9601313435,-44.710600471000085,3698797.6873305,4.105533779,-3254145.1543543036,-4.073038727
high,23,3,4860225288794402949,10371451162800551865,0,3928149.8805699064,seed/workload paired; oracle timing repetition=0,488,3754931.93412353,1.0,0,0,0.0,raw/kaggle/selected_high/f410f7064c081e00/dynamic_selected_high/9691a908b08309a9d2ad0955.csv,22099.0889210533,0.005885350069923872,488,44566.07139,0.9848695745096201,raw/kaggle/perfect_high/f410f7064c081e00/dynamic_perfect_high/0461f1f6a1e23b89816ce389.csv,230245.212113326,0.061318078770199985,488,3357.965795,0.7731555467390674,raw/kaggle/perfect_high/f410f7064c081e00/dynamic_perfect_high/c140f00c1fb21ba2635b25fb.csv,3001893.04178244,0.7994533840952665,0,0,0.0,raw/kaggle/selected_high/f410f7064c081e00/dynamic_selected_high/d6a3a7900caea986b71620ed.csv,3494696.61616075,0.9306950638444732,0,0,0.0,raw/kaggle/selected_high/f410f7064c081e00/dynamic_selected_high/dc26cffeef672972d082f697.csv,3906050.791648853,44.99616148200003,-2979793.952861387,-44.917611125000036,3697904.6684565805,4.088622862999993,-3264451.404047424,-4.057047761999994
high,23,4,4860225288794402949,10371451162800551865,0,3928149.8805699064,seed/workload paired; oracle timing repetition=0,488,3727774.41250872,1.0,0,0,0.0,raw/kaggle/selected_high/f410f7064c081e00/dynamic_selected_high/0acda6e88fd61f27c23f2176.csv,22134.1449916747,0.005937629948154199,488,44498.688232,0.9849404172664151,raw/kaggle/perfect_high/f410f7064c081e00/dynamic_perfect_high/546bbf841255090ff38b5883.csv,229076.354535632,0.06145123851029066,488,3380.537556,0.7744012196992734,raw/kaggle/perfect_high/f410f7064c081e00/dynamic_perfect_high/95445f547a27ec66e379564f.csv,2966370.51847268,0.7957483984328252,0,0,0.0,raw/kaggle/selected_high/f410f7064c081e00/dynamic_selected_high/29d4d1d2054bbde2becc985c.csv,3437706.55030094,0.9221873884765012,0,0,0.0,raw/kaggle/selected_high/f410f7064c081e00/dynamic_selected_high/fc44ce0f5a4ca3a930a28f66.csv,3906015.7355782315,44.92449334499993,-2944236.373481005,-44.84195381199993,3699073.5260342746,4.110783932999991,-3208630.195765308,-4.074465091999991
high,23,5,4860225288794402949,10371451162800551865,0,3928149.8805699064,seed/workload paired; oracle timing repetition=0,488,3705204.2977213,1.0,0,0,0.0,raw/kaggle/selected_high/f410f7064c081e00/dynamic_selected_high/1957228df955f31c531fa698.csv,22110.3366093019,0.0059673731413136255,488,44546.516764,0.9849384804239488,raw/kaggle/perfect_high/f410f7064c081e00/dynamic_perfect_high/9e526d4e0298e4dfd9d2c82b.csv,229493.774226454,0.061938224126424725,488,3370.134089,0.7734247917338435,raw/kaggle/perfect_high/f410f7064c081e00/dynamic_perfect_high/923dd6d610b5664ae6d890ec.csv,2972805.58312866,0.8023324341270291,0,0,0.0,raw/kaggle/selected_high/f410f7064c081e00/dynamic_selected_high/12ad1edd3f4198969c3b2dff.csv,3441711.28438078,0.9288856990955754,0,0,0.0,raw/kaggle/selected_high/f410f7064c081e00/dynamic_selected_high/eb114ead4becfffe1adfe77c.csv,3906039.5439606044,44.97314210599994,-2950695.246519358,-44.89133230099994,3698656.1063434524,4.102843910000006,-3212217.510154326,-4.066863547000007
high,23,6,4860225288794402949,10371451162800551865,0,3928149.8805699064,seed/workload paired; oracle timing repetition=0,488,3739531.97954821,1.0,0,0,0.0,raw/kaggle/selected_high/f410f7064c081e00/dynamic_selected_high/1e026736fa01483d4d8a4b5d.csv,22259.9423673086,0.005952601151440862,488,44252.274529,0.9850530806378563,raw/kaggle/perfect_high/f410f7064c081e00/dynamic_perfect_high/f65e87b9abf9664a1574ba44.csv,229902.246865879,0.06147888241716669,488,3362.563328,0.7730608643360088,raw/kaggle/perfect_high/f410f7064c081e00/dynamic_perfect_high/342e40e163a4cd0d24981ced.csv,2962320.89855985,0.792163542058475,0,0,0.0,raw/kaggle/selected_high/f410f7064c081e00/dynamic_selected_high/7f81535a31930c5a97a4c8bf.csv,3423108.30810876,0.9153841515007772,0,0,0.0,raw/kaggle/selected_high/f410f7064c081e00/dynamic_selected_high/e2d0e9f809e22b514fc86199.csv,3905889.9382025977,44.66917336899991,-2940060.9561925414,-44.586172988999905,3698247.6337040276,4.095101987000007,-3193206.061242881,-4.057542605000007
high,23,7,4860225288794402949,10371451162800551865,0,3928149.8805699064,seed/workload paired; oracle timing repetition=0,488,3701525.50674587,1.0,0,0,0.0,raw/kaggle/selected_high/f410f7064c081e00/dynamic_selected_high/32a46463632fd89b351b4535.csv,22142.6505673323,0.005982033766072469,488,44486.502372,0.9850490769859959,raw/kaggle/perfect_high/f410f7064c081e00/dynamic_perfect_high/79e0ef804e4735d7ab534450.csv,230398.977804154,0.06224433071831109,488,3353.737783,0.7726977570263686,raw/kaggle/perfect_high/f410f7064c081e00/dynamic_perfect_high/358c707e8f382a71e81411f8.csv,2961848.89531344,0.8001697921345128,0,0,0.0,raw/kaggle/selected_high/f410f7064c081e00/dynamic_selected_high/df7327527b0f053b6294bae1.csv,3505172.92895079,0.9469536067123578,0,0,0.0,raw/kaggle/selected_high/f410f7064c081e00/dynamic_selected_high/42c45c095b22c4e1312a1d2c.csv,3906007.230002574,44.907138875000015,-2939706.2447461076,-44.82408469900002,3697750.9027657523,4.085724262999993,-3274773.9511466357,-4.055004404999994
high,23,8,4860225288794402949,10371451162800551865,0,3928149.8805699064,seed/workload paired; oracle timing repetition=0,488,3748844.8356384,1.0,0,0,0.0,raw/kaggle/selected_high/f410f7064c081e00/dynamic_selected_high/3b2cc3edd46020c626513c5f.csv,22086.4476323204,0.005891534219382874,488,44589.785227,0.9848299563525478,raw/kaggle/perfect_high/f410f7064c081e00/dynamic_perfect_high/651bcbc53757bd80051bb4f6.csv,229468.655735854,0.061210497045492474,488,3368.699371,0.7730109162415862,raw/kaggle/perfect_high/f410f7064c081e00/dynamic_perfect_high/333cd4b810d680bae47b34f4.csv,2970456.01968512,0.7923656886106553,0,0,0.0,raw/kaggle/selected_high/f410f7064c081e00/dynamic_selected_high/6589fa1197b3b9851cbd7d05.csv,3440692.56379391,0.9178007398665744,0,0,0.0,raw/kaggle/selected_high/f410f7064c081e00/dynamic_selected_high/ed2568042f6e15abea4d0ad9.csv,3906063.432937586,45.02206096599993,-2948369.5720527996,-44.93998508999993,3698681.2248340524,4.103320888999996,-3211223.908058056,-4.067254498999997
high,23,9,4860225288794402949,10371451162800551865,0,3928149.8805699064,seed/workload paired; oracle timing repetition=0,488,3724511.30687143,1.0,0,0,0.0,raw/kaggle/selected_high/f410f7064c081e00/dynamic_selected_high/6917aa733d357fda79911656.csv,22141.794590446,0.005944885856460184,488,44488.517965,0.9850556264143946,raw/kaggle/perfect_high/f410f7064c081e00/dynamic_perfect_high/e04d621af7ec0142a16c8563.csv,228280.292826189,0.06129134106937193,488,3389.606907,0.7737804572956345,raw/kaggle/perfect_high/f410f7064c081e00/dynamic_perfect_high/c61a017eb8861619ad86791f.csv,2949163.07308443,0.7918255121533545,0,0,0.0,raw/kaggle/selected_high/f410f7064c081e00/dynamic_selected_high/24b9700b9133117a4dcce4c2.csv,3459167.45636289,0.9287574050268014,0,0,0.0,raw/kaggle/selected_high/f410f7064c081e00/dynamic_selected_high/f85d3d936262d7fbd001c814.csv,3906008.0859794603,44.9088847759999,-2927021.2784939837,-44.8243782979999,3699869.5877437172,4.12600685600001,-3230887.163536701,-4.09149272600001
high,37,0,18007284761805385006,9215055751105991613,0,3893103.97635528,seed/workload paired; oracle timing repetition=0,384,3751716.22258602,1.0,0,0,0.0,raw/kaggle/selected_high/f410f7064c081e00/dynamic_selected_high/02528c1af257c93d9365b508.csv,28088.7896401943,0.007486917446232909,384,35004.330111,0.9832292649837973,raw/kaggle/perfect_high/f410f7064c081e00/dynamic_perfect_high/b54696cee924627545736422.csv,284774.050648548,0.07590500820242106,384,2661.474986,0.7579190124630076,raw/kaggle/perfect_high/f410f7064c081e00/dynamic_perfect_high/4094417b241ae5ef386183a1.csv,2994021.01189575,0.7980403725290294,0,0,0.0,raw/kaggle/selected_high/f410f7064c081e00/dynamic_selected_high/f74467f475e74321d3682c8a.csv,3465681.43443085,0.9237589489223125,0,0,0.0,raw/kaggle/selected_high/f410f7064c081e00/dynamic_selected_high/4c0bc0f9d470f76e9d141609.csv,3865015.1867150855,35.34452716899997,-2965932.222255556,-35.26739262399997,3608329.9257067316,3.254691461,-3180907.383782302,-3.2230123649999998
high,37,1,18007284761805385006,9215055751105991613,0,3893103.97635528,seed/workload paired; oracle timing repetition=0,384,3704936.72036623,1.0,0,0,0.0,raw/kaggle/selected_high/f410f7064c081e00/dynamic_selected_high/5c88593099db5d098d3f0c42.csv,28152.3227697996,0.0075985974645787656,384,34919.05936,0.9830526299205117,raw/kaggle/perfect_high/f410f7064c081e00/dynamic_perfect_high/239e6667ba8f00a92d933e1a.csv,289395.395475471,0.07811075257632592,384,2624.186174,0.7594273956259939,raw/kaggle/perfect_high/f410f7064c081e00/dynamic_perfect_high/4b4105416de90ff3423fe574.csv,2978426.51216576,0.8039075258136515,0,0,0.0,raw/kaggle/selected_high/f410f7064c081e00/dynamic_selected_high/492d7cd6b41afd7a9f6a75ba.csv,3439364.40958435,0.9283193396200223,0,0,0.0,raw/kaggle/selected_high/f410f7064c081e00/dynamic_selected_high/c8dc3e40e03ae9d7eaf0eb28.csv,3864951.65358548,35.264183254,-2950274.1893959604,-35.185299951000005,3603708.580879809,3.198615549000004,-3149969.014108879,-3.164728601000004
high,37,2,18007284761805385006,9215055751105991613,0,3893103.97635528,seed/workload paired; oracle timing repetition=0,384,3747978.79936303,1.0,0,0,0.0,raw/kaggle/selected_high/f410f7064c081e00/dynamic_selected_high/d41c28cf2599d4a6d4ed48f3.csv,28119.3822468976,0.007502545705881926,384,34963.952272,0.9831647387986518,raw/kaggle/perfect_high/f410f7064c081e00/dynamic_perfect_high/1ac1df1b8879fd9e7cccd42a.csv,287960.919703995,0.07683098947969877,384,2635.778945,0.7590013291386254,raw/kaggle/perfect_high/f410f7064c081e00/dynamic_perfect_high/89565bbe91bb2d17e4fd66e9.csv,2948801.13364183,0.7867710281987133,0,0,0.0,raw/kaggle/selected_high/f410f7064c081e00/dynamic_selected_high/f1e44ebac17ac147f7d66a11.csv,3439845.46508007,0.917786799024763,0,0,0.0,raw/kaggle/selected_high/f410f7064c081e00/dynamic_selected_high/6483282483f0588a4831a9b9.csv,3864984.5941083822,35.305794477,-2920681.7513949326,-35.223538055999995,3605143.056651285,3.2158290039999993,-3151884.545376075,-3.1819827169999986
high,37,3,18007284761805385006,9215055751105991613,0,3893103.97635528,seed/workload paired; oracle timing repetition=0,384,3776415.5642611,1.0,0,0,0.0,raw/kaggle/selected_high/f410f7064c081e00/dynamic_selected_high/017b1564ade842108cee86a0.csv,28070.5165980029,0.007433111139476841,384,35020.957224,0.9830563610342415,raw/kaggle/perfect_high/f410f7064c081e00/dynamic_perfect_high/598af019040b331f066e6b05.csv,286147.647496721,0.0757722879348182,384,2656.770887,0.7602287392528259,raw/kaggle/perfect_high/f410f7064c081e00/dynamic_perfect_high/5ca28e9a5b968965de2b61ed.csv,2964677.20520473,0.7850505736872748,0,0,0.0,raw/kaggle/selected_high/f410f7064c081e00/dynamic_selected_high/4b539186217cb2cd30a8e533.csv,3475118.39554618,0.9202160981523568,0,0,0.0,raw/kaggle/selected_high/f410f7064c081e00/dynamic_selected_high/6bb1b296243c7553d5919a7a.csv,3865033.459757277,35.36770257900001,-2936606.688606727,-35.287262176000006,3606956.328858559,3.2378349109999958,-3188970.7480494594,-3.206939377999996
high,37,4,18007284761805385006,9215055751105991613,0,3893103.97635528,seed/workload paired; oracle timing repetition=0,384,3735586.67308386,1.0,0,0,0.0,raw/kaggle/selected_high/f410f7064c081e00/dynamic_selected_high/46a59bf18280ed8d7b28d6d8.csv,28213.6742167535,0.0075526755730344515,384,34849.806887,0.9832410980265895,raw/kaggle/perfect_high/f410f7064c081e00/dynamic_perfect_high/39dbc173fd5ae98ea1a77b51.csv,287820.665316942,0.07704831677197728,384,2638.224039,0.7593353981601295,raw/kaggle/perfect_high/f410f7064c081e00/dynamic_perfect_high/c44416c8bf3c8bfbb1bb5e7b.csv,2965326.1565798,0.7938046727562119,0,0,0.0,raw/kaggle/selected_high/f410f7064c081e00/dynamic_selected_high/cdd57ff8073c1b2c0c102173.csv,3487509.64810825,0.933590879643327,0,0,0.0,raw/kaggle/selected_high/f410f7064c081e00/dynamic_selected_high/80cfdb13ba5ee9c8f9c6e94d.csv,3864890.3021385265,35.18694171299997,-2937112.4823630466,-35.10657512799997,3605283.3110383376,3.217521239999998,-3199688.982791308,-3.1876481289999976
high,37,5,18007284761805385006,9215055751105991613,0,3893103.97635528,seed/workload paired; oracle timing repetition=0,384,3782043.15259801,1.0,0,0,0.0,raw/kaggle/selected_high/f410f7064c081e00/dynamic_selected_high/e45e9757860d2f77f14626cf.csv,28209.485033583,0.007458795126175379,384,34847.358306,0.9830260325930096,raw/kaggle/perfect_high/f410f7064c081e00/dynamic_perfect_high/cc5106ca639753565d6a198e.csv,289370.88803534,0.07651178909382925,384,2622.607381,0.7589062268080083,raw/kaggle/perfect_high/f410f7064c081e00/dynamic_perfect_high/421853b24db53d5632c2e9bf.csv,3000265.58050892,0.7932922654380447,0,0,0.0,raw/kaggle/selected_high/f410f7064c081e00/dynamic_selected_high/de8b8f97c669d7e8bdfbca00.csv,3473383.52629559,0.918388126774706,0,0,0.0,raw/kaggle/selected_high/f410f7064c081e00/dynamic_selected_high/e745e16b7cd71a2c9ef9e6f9.csv,3864894.491321697,35.19220521199994,-2972056.095475337,-35.11576583199994,3603733.0883199396,3.1989082010000054,-3184012.63826025,-3.167868939000005
high,37,6,18007284761805385006,9215055751105991613,0,3893103.97635528,seed/workload paired; oracle timing repetition=0,384,3679325.83977549,1.0,0,0,0.0,raw/kaggle/selected_high/f410f7064c081e00/dynamic_selected_high/584bdb71ddff410e07e76096.csv,28103.5663811628,0.007638237982988117,384,34981.70746,0.983110737728527,raw/kaggle/perfect_high/f410f7064c081e00/dynamic_perfect_high/86406dcc11e21f46f6566efd.csv,289311.242883504,0.07863159053647654,384,2623.333166,0.7589597787529765,raw/kaggle/perfect_high/f410f7064c081e00/dynamic_perfect_high/8f86d0a1b7f27b8e01152f9e.csv,3012896.92220407,0.8188720035700656,0,0,0.0,raw/kaggle/selected_high/f410f7064c081e00/dynamic_selected_high/4842794b5f118d6e352eeeba.csv,3493992.35442497,0.9496284119914129,0,0,0.0,raw/kaggle/selected_high/f410f7064c081e00/dynamic_selected_high/f12e0d4a979bf720b6377895.csv,3865000.409974117,35.325808101999975,-2984793.355822907,-35.25076607299997,3603792.733471776,3.1996206519999952,-3204681.1115414663,-3.1702795499999956
high,37,7,18007284761805385006,9215055751105991613,0,3893103.97635528,seed/workload paired; oracle timing repetition=0,384,3775607.23487597,1.0,0,0,0.0,raw/kaggle/selected_high/f410f7064c081e00/dynamic_selected_high/f835e3daf8dfce2ee9674760.csv,28233.0063143729,0.007477739223926549,384,34825.175653,0.9832194041102934,raw/kaggle/perfect_high/f410f7064c081e00/dynamic_perfect_high/3002da5890db04beb3235645.csv,286698.210956518,0.07593433138601774,384,2644.710332,0.7582337206826184,raw/kaggle/perfect_high/f410f7064c081e00/dynamic_perfect_high/f5937cb81fbb7ebc6df483b9.csv,2974794.04058082,0.7878981725382097,0,0,0.0,raw/kaggle/selected_high/f410f7064c081e00/dynamic_selected_high/4638e8aafdc92e46cb9535c1.csv,3450625.96442623,0.913926091822309,0,0,0.0,raw/kaggle/selected_high/f410f7064c081e00/dynamic_selected_high/e557ddc8a4b958208fc011b4.csv,3864870.9700409067,35.16267213599997,-2946561.0342664467,-35.083378856999964,3606405.7653987617,3.2311238339999977,-3163927.753469712,-3.1981857899999975
high,37,8,18007284761805385006,9215055751105991613,0,3893103.97635528,seed/workload paired; oracle timing repetition=0,384,3744481.10291444,1.0,0,0,0.0,raw/kaggle/selected_high/f410f7064c081e00/dynamic_selected_high/fb31e30401c90f7c1e98662f.csv,28051.1440676598,0.00749133011936601,384,35048.490673,0.9831502612223534,raw/kaggle/perfect_high/f410f7064c081e00/dynamic_perfect_high/cd8b592083f00132296bf982.csv,285772.054616776,0.07631819917433985,384,2654.640048,0.7586219407849359,raw/kaggle/perfect_high/f410f7064c081e00/dynamic_perfect_high/aa3a9783600483c45b704276.csv,2984401.84469459,0.7970134613235843,0,0,0.0,raw/kaggle/selected_high/f410f7064c081e00/dynamic_selected_high/69d03ac25c31b6aa21e6fbd7.csv,3435032.00142796,0.917358615791751,0,0,0.0,raw/kaggle/selected_high/f410f7064c081e00/dynamic_selected_high/5797064bb1e447bd6ce57a74.csv,3865052.83228762,35.392305425999986,-2956350.70062693,-35.31409435299998,3607331.921738504,3.242428026999996,-3149259.9468111843,-3.208174370999996
high,37,9,18007284761805385006,9215055751105991613,0,3893103.97635528,seed/workload paired; oracle timing repetition=0,384,3755764.15904309,1.0,0,0,0.0,raw/kaggle/selected_high/f410f7064c081e00/dynamic_selected_high/835884a2761bac9c34ad6429.csv,27898.1274672366,0.007428082884295005,384,35233.100817,0.9829375376586623,raw/kaggle/perfect_high/f410f7064c081e00/dynamic_perfect_high/b610d939e72a04c3e7fbd542.csv,286153.668786117,0.07619053185145269,384,2648.850349,0.7579782454317365,raw/kaggle/perfect_high/f410f7064c081e00/dynamic_perfect_high/198f93ad7a12106ab72f0d21.csv,2953240.06538533,0.7863220213853283,0,0,0.0,raw/kaggle/selected_high/f410f7064c081e00/dynamic_selected_high/2c2f47462b3d12ad7091f076.csv,3359444.54890077,0.8944769710344922,0,0,0.0,raw/kaggle/selected_high/f410f7064c081e00/dynamic_selected_high/b647cf39477e17cf5e392f05.csv,3865205.8488880433,35.58783520799994,-2925341.9379180935,-35.506088509999934,3606950.307569163,3.2377613750000007,-3073290.880114653,-3.1969575660000005
high,53,0,4628227920304760945,16908755032760963417,0,3909561.5207819,seed/workload paired; oracle timing repetition=0,464,3761658.77234926,1.0,0,0,0.0,raw/kaggle/selected_high/f410f7064c081e00/dynamic_selected_high/1153bda90730934607522125.csv,24244.7079275776,0.006445217228578155,464,40591.543243,0.9841301102561723,raw/kaggle/perfect_high/f410f7064c081e00/dynamic_perfect_high/89c0820879ec3db209f3a036.csv,236781.102917669,0.06294592817885836,464,3252.924039,0.7702309416618172,raw/kaggle/perfect_high/f410f7064c081e00/dynamic_perfect_high/74421aa3ccb5518aef7a82de.csv,2987951.30150916,0.794317475969013,0,0,0.0,raw/kaggle/selected_high/f410f7064c081e00/dynamic_selected_high/d84d9e9ba7ed17ebf035a451.csv,3468061.96880172,0.9219501764206591,0,0,0.0,raw/kaggle/selected_high/f410f7064c081e00/dynamic_selected_high/7172c2c1be23414802e712d4.csv,3885316.812854322,40.990331373000046,-2963706.5935815824,-40.91143705700004,3672780.417864231,3.9675268409999926,-3231280.865884051,-3.934964518999993
high,53,1,4628227920304760945,16908755032760963417,0,3909561.5207819,seed/workload paired; oracle timing repetition=0,464,3706728.9574066,1.0,0,0,0.0,raw/kaggle/selected_high/f410f7064c081e00/dynamic_selected_high/7bb66f5a562f4e8fddae409b.csv,24298.8927839674,0.006555346523358437,464,40501.340122,0.9841377212314745,raw/kaggle/perfect_high/f410f7064c081e00/dynamic_perfect_high/2a3d9674cc4a52570c119ecc.csv,239163.825083732,0.06452153039294843,464,3222.223798,0.7706393688055102,raw/kaggle/perfect_high/f410f7064c081e00/dynamic_perfect_high/d6b3f8f42d687aabaf0d74ab.csv,2977824.02537011,0.8033562905698759,0,0,0.0,raw/kaggle/selected_high/f410f7064c081e00/dynamic_selected_high/54f71126cf0ebfc79135c6ad.csv,3462913.01025041,0.93422342179376,0,0,0.0,raw/kaggle/selected_high/f410f7064c081e00/dynamic_selected_high/4aa7f6e7b7c45a10fa9a7ed2.csv,3885262.6279979325,40.89835537999997,-2953525.1325861425,-40.81832285999997,3670397.6956981677,3.9254511869999984,-3223749.185166678,-3.892460127999999
high,53,2,4628227920304760945,16908755032760963417,0,3909561.5207819,seed/workload paired; oracle timing repetition=0,464,3758272.90763361,1.0,0,0,0.0,raw/kaggle/selected_high/f410f7064c081e00/dynamic_selected_high/ec3dbecc85308dad4ad25046.csv,24276.2901715719,0.006459427180570935,464,40538.486399,0.984124058938445,raw/kaggle/perfect_high/f410f7064c081e00/dynamic_perfect_high/bd474f88d835c32278627856.csv,238649.215997686,0.06349970368382615,464,3230.026782,0.7708433591758281,raw/kaggle/perfect_high/f410f7064c081e00/dynamic_perfect_high/68cb0292c6f1675437db6c57.csv,2985015.8532401,0.7942520212348311,0,0,0.0,raw/kaggle/selected_high/f410f7064c081e00/dynamic_selected_high/acfedfd71d103f9dcd837f2c.csv,3514460.00318537,0.9351263438179224,0,0,0.0,raw/kaggle/selected_high/f410f7064c081e00/dynamic_selected_high/6596f0061dc484ab779bac81.csv,3885285.230610328,40.936672233,-2960739.563068528,-40.857448797,3670912.3047842137,3.934467353999997,-3275810.787187684,-3.905711779999997
high,53,3,4628227920304760945,16908755032760963417,0,3909561.5207819,seed/workload paired; oracle timing repetition=0,464,3753473.5817486,1.0,0,0,0.0,raw/kaggle/selected_high/f410f7064c081e00/dynamic_selected_high/4b26e2cc4e8258ed898f893e.csv,24377.5650927815,0.00649466808859886,464,40378.165672,0.9843213619962949,raw/kaggle/perfect_high/f410f7064c081e00/dynamic_perfect_high/4ddd5af05ee6aa61e108f70d.csv,240313.415372123,0.06402427248739824,464,3212.92715,0.7721094967583215,raw/kaggle/perfect_high/f410f7064c081e00/dynamic_perfect_high/d81d2c6d6bec24abe2f8a17d.csv,2956565.55954551,0.7876878563690753,0,0,0.0,raw/kaggle/selected_high/f410f7064c081e00/dynamic_selected_high/3b3690986f7c84cade99cb72.csv,3444449.85031713,0.9176699330097569,0,0,0.0,raw/kaggle/selected_high/f410f7064c081e00/dynamic_selected_high/ebd9860bd2c57e2a2c7d18dc.csv,3885183.9556891182,40.76554100399997,-2932187.9944527284,-40.68309388299997,3669248.105409777,3.9054493640000008,-3204136.434945007,-3.870910399000001
high,53,4,4628227920304760945,16908755032760963417,0,3909561.5207819,seed/workload paired; oracle timing repetition=0,464,3712326.42052616,1.0,0,0,0.0,raw/kaggle/selected_high/f410f7064c081e00/dynamic_selected_high/aad6a0cca178753edc7bac24.csv,24261.6270037673,0.006535423951304535,464,40568.214029,0.9842508769805975,raw/kaggle/perfect_high/f410f7064c081e00/dynamic_perfect_high/92f4353c53056a8537e4fcd3.csv,236799.48495771,0.06378735545678325,464,3251.265827,0.7698980732942041,raw/kaggle/perfect_high/f410f7064c081e00/dynamic_perfect_high/474f14255a2c3b11944628a0.csv,2928308.78416411,0.7888069238666442,0,0,0.0,raw/kaggle/selected_high/f410f7064c081e00/dynamic_selected_high/f65919f508b8dcabe75cd062.csv,3409049.6208513,0.9183054598868288,0,0,0.0,raw/kaggle/selected_high/f410f7064c081e00/dynamic_selected_high/f5d73a7319e13bad6d5c5788.csv,3885299.8937781323,40.96156800299999,-2904047.1571603427,-40.87585712199999,3672762.03582419,3.967198998000005,-3172250.1358935903,-3.9296452720000055
high,53,5,4628227920304760945,16908755032760963417,0,3909561.5207819,seed/workload paired; oracle timing repetition=0,464,3743064.24232388,1.0,0,0,0.0,raw/kaggle/selected_high/f410f7064c081e00/dynamic_selected_high/c33a03e020663e5d9ee6761a.csv,24435.8912588456,0.00652831201306729,464,40290.190417,0.9845267118279951,raw/kaggle/perfect_high/f410f7064c081e00/dynamic_perfect_high/cadc3ec343d6d6eedfb84714.csv,239246.382603368,0.0639172525809581,464,3219.493979,0.7702522882890727,raw/kaggle/perfect_high/f410f7064c081e00/dynamic_perfect_high/3380bdd7b9874dfa89770817.csv,3000113.82131827,0.8015127785933085,0,0,0.0,raw/kaggle/selected_high/f410f7064c081e00/dynamic_selected_high/ee9e03d0e8044bf22a27e76e.csv,3468095.47761182,0.9265391275942019,0,0,0.0,raw/kaggle/selected_high/f410f7064c081e00/dynamic_selected_high/165175d990db456c8fd2d3c3.csv,3885125.629523054,40.667626975000005,-2975677.9300594246,-40.59008944800001,3670315.138178532,3.9240083549999953,-3228849.0950084524,-3.8914488189999954
high,53,6,4628227920304760945,16908755032760963417,0,3909561.5207819,seed/workload paired; oracle timing repetition=0,464,3763909.78266575,1.0,0,0,0.0,raw/kaggle/selected_high/f410f7064c081e00/dynamic_selected_high/5e1f69b1f4836df4239715b5.csv,24275.5074400845,0.006449545510331447,464,40542.398584,0.9841872984647632,raw/kaggle/perfect_high/f410f7064c081e00/dynamic_perfect_high/575abb4cb87a22869092219e.csv,240328.041008339,0.06385063800284001,464,3210.521045,0.7715782333608946,raw/kaggle/perfect_high/f410f7064c081e00/dynamic_perfect_high/54e0b31b2c4be61e17c6f081.csv,3024126.883461,0.803453604915895,0,0,0.0,raw/kaggle/selected_high/f410f7064c081e00/dynamic_selected_high/d8e2c32cd504e05699ae2d47.csv,3473664.57700848,0.9228873106911435,0,0,0.0,raw/kaggle/selected_high/f410f7064c081e00/dynamic_selected_high/5c36c787645c3db1d0a3d29c.csv,3885286.013341815,40.938000428999985,-2999851.3760209153,-40.863109632999986,3669233.479773561,3.9051961239999953,-3233336.5360001414,-3.8730988689999957
high,53,7,4628227920304760945,16908755032760963417,0,3909561.5207819,seed/workload paired; oracle timing repetition=0,464,3762346.73337518,1.0,0,0,0.0,raw/kaggle/selected_high/f410f7064c081e00/dynamic_selected_high/09ffd0fd171eb2076aa45228.csv,24347.4717042129,0.006471352437623664,464,40425.084254,0.984248595014689,raw/kaggle/perfect_high/f410f7064c081e00/dynamic_perfect_high/848256ce9bb1d2ed1bcca5b6.csv,240919.074138872,0.06403425606728831,464,3199.541755,0.770830637283262,raw/kaggle/perfect_high/f410f7064c081e00/dynamic_perfect_high/cbd2f6806ffaa5d77d437fad.csv,2982243.8187174,0.7926552309127676,0,0,0.0,raw/kaggle/selected_high/f410f7064c081e00/dynamic_selected_high/ae4349fcc4142a9d56d57c6c.csv,3494942.35707692,0.9289261742076672,0,0,0.0,raw/kaggle/selected_high/f410f7064c081e00/dynamic_selected_high/7abab64e539a5b79f0ad4610.csv,3885214.049077687,40.816243215000064,-2957896.347013187,-40.73670838600006,3668642.446643028,3.894988229000001,-3254023.2829380482,-3.8646436370000012
high,53,8,4628227920304760945,16908755032760963417,0,3909561.5207819,seed/workload paired; oracle timing repetition=0,464,3779543.72002694,1.0,0,0,0.0,raw/kaggle/selected_high/f410f7064c081e00/dynamic_selected_high/ddbaf6ce44bd7085ea2a21d2.csv,24413.4542533304,0.006459365484772428,464,40320.201765,0.984355401274881,raw/kaggle/perfect_high/f410f7064c081e00/dynamic_perfect_high/404cf224a5559ee180dc3b19.csv,241681.009224145,0.06394449360210665,464,3191.314506,0.771280110561734,raw/kaggle/perfect_high/f410f7064c081e00/dynamic_perfect_high/188dbc1ad147053e84657db2.csv,3018045.57658068,0.7985211443880765,0,0,0.0,raw/kaggle/selected_high/f410f7064c081e00/dynamic_selected_high/784855027521cd6c224f7470.csv,3487128.01144757,0.9226320079246799,0,0,0.0,raw/kaggle/selected_high/f410f7064c081e00/dynamic_selected_high/6e735d7ae778f1e9b5f5e433.csv,3885148.0665285694,40.70523733400008,-2993632.1223273496,-40.629680236000084,3667880.5115577546,3.881902309000001,-3245447.0022234246,-3.8509165300000006
high,53,9,4628227920304760945,16908755032760963417,0,3909561.5207819,seed/workload paired; oracle timing repetition=0,464,3742769.68010428,1.0,0,0,0.0,raw/kaggle/selected_high/f410f7064c081e00/dynamic_selected_high/61d35983e8300cafa0cf3a11.csv,24447.2954545204,0.006531872795827303,464,40268.466095,0.9844550881248021,raw/kaggle/perfect_high/f410f7064c081e00/dynamic_perfect_high/8b956a179a0fce73a23a9e50.csv,241027.455016808,0.06439815313724903,464,3200.557246,0.771422167638984,raw/kaggle/perfect_high/f410f7064c081e00/dynamic_perfect_high/d13a4a6aa28e491306ca04b4.csv,2984374.76871096,0.7973706703287738,0,0,0.0,raw/kaggle/selected_high/f410f7064c081e00/dynamic_selected_high/d53618c410fcf0aa908f6636.csv,3505879.67750128,0.9367072989122858,0,0,0.0,raw/kaggle/selected_high/f410f7064c081e00/dynamic_selected_high/0c1e0a73be4138f7e5384fcc.csv,3885114.2253273795,40.648536986999986,-2959927.47325644,-40.569241586999986,3668534.0657650917,3.893121785000001,-3264852.2224844717,-3.863669828000001
high,71,0,11863858143556526805,906347990863663797,0,3914376.9652349735,seed/workload paired; oracle timing repetition=0,536,3726454.8422538,1.0,0,0,0.0,raw/kaggle/selected_high/f410f7064c081e00/dynamic_selected_high/1e9c6e93ae718fc603a67db4.csv,21005.5233942054,0.005636865139495702,536,46961.17862,0.9864441361218664,raw/kaggle/perfect_high/f410f7064c081e00/dynamic_perfect_high/ee749135eb1e461b17f766a5.csv,208964.652640185,0.056075992192568994,536,3724.163048,0.7782184377007333,raw/kaggle/perfect_high/f410f7064c081e00/dynamic_perfect_high/d59ba415d23721e8cafc12c4.csv,2946552.00407053,0.7907118504858692,0,0,0.0,raw/kaggle/selected_high/f410f7064c081e00/dynamic_selected_high/5e1e39ad2a9f088507db38cb.csv,3490505.79456947,0.9366827030858033,0,0,0.0,raw/kaggle/selected_high/f410f7064c081e00/dynamic_selected_high/8965456207986ae2ee5e59e9.csv,3893371.441840768,47.3510577119999,-2925546.4806763246,-47.267146486999906,3705412.3125947886,4.5300298510000045,-3281541.141929285,-4.499006917000004
high,71,1,11863858143556526805,906347990863663797,0,3914376.9652349735,seed/workload paired; oracle timing repetition=0,536,3769330.18531441,1.0,0,0,0.0,raw/kaggle/selected_high/f410f7064c081e00/dynamic_selected_high/7753c0434213876b2b1fd45a.csv,20990.752583668,0.005568828293538605,536,46996.339868,0.9864885425071583,raw/kaggle/perfect_high/f410f7064c081e00/dynamic_perfect_high/1800d6ab2c56d6463db894a6.csv,210330.471950549,0.055800490169317644,536,3698.738508,0.7779574160093093,raw/kaggle/perfect_high/f410f7064c081e00/dynamic_perfect_high/96c592b62b64c645989739b9.csv,3001344.87262397,0.796254168530375,0,0,0.0,raw/kaggle/selected_high/f410f7064c081e00/dynamic_selected_high/35fd0c75293850f236bffcbd.csv,3465304.30769033,0.9193422006889745,0,0,0.0,raw/kaggle/selected_high/f410f7064c081e00/dynamic_selected_high/28ae880694fb7799c07dd473.csv,3893386.2126513054,47.3845575579999,-2980354.1200403017,-47.3068420849999,3704046.4932844243,4.498954344,-3254973.8357397807,-4.4658478960000005
high,71,2,11863858143556526805,906347990863663797,0,3914376.9652349735,seed/workload paired; oracle timing repetition=0,536,3722963.0881538,1.0,0,0,0.0,raw/kaggle/selected_high/f410f7064c081e00/dynamic_selected_high/818c6c036f2270f75d75198f.csv,21006.934836259,0.005642531053585127,536,46959.733502,0.9864800616046044,raw/kaggle/perfect_high/f410f7064c081e00/dynamic_perfect_high/f14985b777934dce2f37b8fb.csv,209987.331844347,0.056403280632169456,536,3707.663223,0.7785623075751817,raw/kaggle/perfect_high/f410f7064c081e00/dynamic_perfect_high/f02b00c7de930b7fa70ad07f.csv,2977092.68590102,0.7996567828926143,0,0,0.0,raw/kaggle/selected_high/f410f7064c081e00/dynamic_selected_high/40b8aa4d3ed46694e6414ea6.csv,3485254.64216662,0.9361507379045602,0,0,0.0,raw/kaggle/selected_high/f410f7064c081e00/dynamic_selected_high/8ed1855ce2af20fb62900656.csv,3893370.0303987144,47.34785906100008,-2956085.751064761,-47.267429383000085,3704389.6333906264,4.506723541999998,-3275267.310322273,-4.475268957999997
high,71,3,11863858143556526805,906347990863663797,0,3914376.9652349735,seed/workload paired; oracle timing repetition=0,536,3720867.80504955,1.0,0,0,0.0,raw/kaggle/selected_high/f410f7064c081e00/dynamic_selected_high/0dac11aba708ae87c97aede0.csv,21046.9105213264,0.005656452103126014,536,46872.598645,0.986523389583358,raw/kaggle/perfect_high/f410f7064c081e00/dynamic_perfect_high/e8da1b5b370a8e5dd1eff175.csv,208757.902938276,0.056104627704046055,536,3724.52574200001,0.7775241833395502,raw/kaggle/perfect_high/f410f7064c081e00/dynamic_perfect_high/86b25c0fbea96552a851d509.csv,2989255.01523456,0.8033757638951521,0,0,0.0,raw/kaggle/selected_high/f410f7064c081e00/dynamic_selected_high/7d4335890ac79b33bae70d76.csv,3517413.54845581,0.9453207511651894,0,0,0.0,raw/kaggle/selected_high/f410f7064c081e00/dynamic_selected_high/f6104acb5490ccf2c5f54cbc.csv,3893330.054713647,47.25744314799989,-2968208.104713233,-47.1783801329999,3705619.0622966974,4.534769314000011,-3308655.645517534,-4.50593800200001
high,71,4,11863858143556526805,906347990863663797,0,3914376.9652349735,seed/workload paired; oracle timing repetition=0,536,3751740.91095556,1.0,0,0,0.0,raw/kaggle/selected_high/f410f7064c081e00/dynamic_selected_high/3b7b8102a3b497435f7f7322.csv,21110.2431101036,0.005626785967138352,536,46735.284029,0.9865932076719338,raw/kaggle/perfect_high/f410f7064c081e00/dynamic_perfect_high/4137205955a500f905fa44ce.csv,207789.971302871,0.05538494694452325,536,3749.53326,0.7791154084945602,raw/kaggle/perfect_high/f410f7064c081e00/dynamic_perfect_high/fb940fb7cec701569b336bba.csv,2927729.17797764,0.7803655016337346,0,0,0.0,raw/kaggle/selected_high/f410f7064c081e00/dynamic_selected_high/7834866085ab0cedbbbad1c8.csv,3441568.1981808,0.9173256575716578,0,0,0.0,raw/kaggle/selected_high/f410f7064c081e00/dynamic_selected_high/aa3980224a0f9704b1ec1a50.csv,3893266.72212487,47.114900228000074,-2906618.9348675366,-47.02880707800008,3706586.9939321023,4.557083300999999,-3233778.2268779287,-4.521986583999998
high,71,5,11863858143556526805,906347990863663797,0,3914376.9652349735,seed/workload paired; oracle timing repetition=0,536,3786203.45021879,1.0,0,0,0.0,raw/kaggle/selected_high/f410f7064c081e00/dynamic_selected_high/c110ad15160d06ce2f3de6b1.csv,21063.2033390552,0.00556314620067182,536,46841.060416,0.9866227801591788,raw/kaggle/perfect_high/f410f7064c081e00/dynamic_perfect_high/456a2bd46c12c7b08a89bc33.csv,208819.179388273,0.05515265677976342,536,3726.440243,0.7781521935826979,raw/kaggle/perfect_high/f410f7064c081e00/dynamic_perfect_high/748d9d70d8825ab01eecbf7f.csv,3010402.97127737,0.7950980476507173,0,0,0.0,raw/kaggle/selected_high/f410f7064c081e00/dynamic_selected_high/d30cac998e89d2da6e35688f.csv,3466306.86124142,0.9155099314700363,0,0,0.0,raw/kaggle/selected_high/f410f7064c081e00/dynamic_selected_high/13a928da2600e613a7741c29.csv,3893313.7618959183,47.220690941000065,-2989339.767938315,-47.14397799600007,3705557.7858467004,4.533363654000008,-3257487.6818531468,-4.500340670000008
high,71,6,11863858143556526805,906347990863663797,0,3914376.9652349735,seed/workload paired; oracle timing repetition=0,536,3738245.84294165,1.0,0,0,0.0,raw/kaggle/selected_high/f410f7064c081e00/dynamic_selected_high/cec55827353e28e80b1a7dba.csv,21178.4831007502,0.00566535321392472,536,46583.241354,0.9865623897938584,raw/kaggle/perfect_high/f410f7064c081e00/dynamic_perfect_high/37078adda6f770c4d49fc8ad.csv,210763.871031993,0.056380420091938506,536,3689.255096,0.7775616852574672,raw/kaggle/perfect_high/f410f7064c081e00/dynamic_perfect_high/37f1ac01bc44fd9332a7c777.csv,3006229.34611463,0.8041818201418792,0,0,0.0,raw/kaggle/selected_high/f410f7064c081e00/dynamic_selected_high/8dc956dd701c8e1d30e944d2.csv,3467028.24073054,0.927447895722747,0,0,0.0,raw/kaggle/selected_high/f410f7064c081e00/dynamic_selected_high/ef0c2d899bb7d65f38c2aeb7.csv,3893198.4821342234,46.96226637300007,-2985050.86301388,-46.88509225200007,3703613.0942029804,4.489177704000002,-3256264.369698547,-4.4562147460000014
high,71,7,11863858143556526805,906347990863663797,0,3914376.9652349735,seed/workload paired; oracle timing repetition=0,536,3750489.20912433,1.0,0,0,0.0,raw/kaggle/selected_high/f410f7064c081e00/dynamic_selected_high/472db9d99b99f0c58aefcea0.csv,21068.7637268551,0.005617604144973468,536,46817.674266,0.9863905173512194,raw/kaggle/perfect_high/f410f7064c081e00/dynamic_perfect_high/e6ba84030e2d0ec8d83fe78e.csv,208021.990590415,0.055465295056530584,536,3738.287159,0.7776459362137681,raw/kaggle/perfect_high/f410f7064c081e00/dynamic_perfect_high/5300ce4503562409542dcf2d.csv,2947055.51696779,0.7857789617946597,0,0,0.0,raw/kaggle/selected_high/f410f7064c081e00/dynamic_selected_high/92cc420009f3b29e298a163a.csv,3508568.18665442,0.9354961422415626,0,0,0.0,raw/kaggle/selected_high/f410f7064c081e00/dynamic_selected_high/8b7b593dd60e4bd51dd1b95c.csv,3893308.2015081183,47.20816121400005,-2925986.753240935,-47.12430797300005,3706354.9746445585,4.551715576000006,-3300546.196064005,-4.522167523000006
high,71,8,11863858143556526805,906347990863663797,0,3914376.9652349735,seed/workload paired; oracle timing repetition=0,536,3816204.10024264,1.0,0,0,0.0,raw/kaggle/selected_high/f410f7064c081e00/dynamic_selected_high/b3550c9810b06324de707ed6.csv,21178.158593366,0.005549535097459661,536,46589.153269,0.9866724766615171,raw/kaggle/perfect_high/f410f7064c081e00/dynamic_perfect_high/ad47555bc0170ea5d5f1104f.csv,210106.461639565,0.055056400580410815,536,3699.786744,0.7773491016028076,raw/kaggle/perfect_high/f410f7064c081e00/dynamic_perfect_high/26214695b179f32bc78d6d87.csv,3040922.44752511,0.7968448142833251,0,0,0.0,raw/kaggle/selected_high/f410f7064c081e00/dynamic_selected_high/43c995555d35ca1214434120.csv,3529954.44329044,0.9249909990574142,0,0,0.0,raw/kaggle/selected_high/f410f7064c081e00/dynamic_selected_high/894141e86ebd9814243a025d.csv,3893198.8066416075,46.96298987799995,-3019744.288931744,-46.88961079099995,3704270.5035954085,4.504023392000003,-3319847.981650875,-4.476202114000003
high,71,9,11863858143556526805,906347990863663797,0,3914376.9652349735,seed/workload paired; oracle timing repetition=0,536,3732084.64548609,1.0,0,0,0.0,raw/kaggle/selected_high/f410f7064c081e00/dynamic_selected_high/13e7c01149ea21f4155d20fb.csv,21248.289330611,0.005693410345424653,536,46439.342292,0.9867565813436979,raw/kaggle/perfect_high/f410f7064c081e00/dynamic_perfect_high/865f043d5d4760bd81ad77eb.csv,209476.177446044,0.056128463672281075,536,3716.346384,0.7784860345857483,raw/kaggle/perfect_high/f410f7064c081e00/dynamic_perfect_high/b1544e61b19366c64d455746.csv,3022834.86029771,0.8099588159003284,0,0,0.0,raw/kaggle/selected_high/f410f7064c081e00/dynamic_selected_high/d74f9e2072b94391b4941522.csv,3468052.67160484,0.9292534872700186,0,0,0.0,raw/kaggle/selected_high/f410f7064c081e00/dynamic_selected_high/d0edb3f179910bc623e9584a.csv,3893128.6759043625,46.8071436710001,-3001586.570967099,-46.7317968750001,3704900.7877889294,4.5183440300000015,-3258576.494158796,-4.485466272000002
