regime,seed,repetition,variant,raw_file,run_id
high,11,0,ADAPT-V1,raw/kaggle/selected_high/f410f7064c081e00/dynamic_selected_high/acd117c79ba54bb721f1dd3a.csv,acd117c79ba54bb721f1dd3a
high,71,1,STATIC-REGIONAL,raw/kaggle/selected_high/f410f7064c081e00/dynamic_selected_high/7753c0434213876b2b1fd45a.csv,7753c0434213876b2b1fd45a
high,53,1,ADAPT-V2,raw/kaggle/selected_high/f410f7064c081e00/dynamic_selected_high/4aa7f6e7b7c45a10fa9a7ed2.csv,4aa7f6e7b7c45a10fa9a7ed2
high,11,8,ADAPT-V2,raw/kaggle/selected_high/f410f7064c081e00/dynamic_selected_high/0074a633da8422d8ff46ea73.csv,0074a633da8422d8ff46ea73
high,11,0,ADAPT-V2,raw/kaggle/selected_high/f410f7064c081e00/dynamic_selected_high/f8f78d8578ca58125c98d973.csv,f8f78d8578ca58125c98d973
high,53,9,STATIC-REGIONAL,raw/kaggle/selected_high/f410f7064c081e00/dynamic_selected_high/61d35983e8300cafa0cf3a11.csv,61d35983e8300cafa0cf3a11
high,53,2,ADAPT-V2,raw/kaggle/selected_high/f410f7064c081e00/dynamic_selected_high/6596f0061dc484ab779bac81.csv,6596f0061dc484ab779bac81
high,71,7,STATIC-REGIONAL,raw/kaggle/selected_high/f410f7064c081e00/dynamic_selected_high/472db9d99b99f0c58aefcea0.csv,472db9d99b99f0c58aefcea0
high,53,3,ADAPT-V2,raw/kaggle/selected_high/f410f7064c081e00/dynamic_selected_high/ebd9860bd2c57e2a2c7d18dc.csv,ebd9860bd2c57e2a2c7d18dc
high,53,0,STATIC-REGIONAL,raw/kaggle/selected_high/f410f7064c081e00/dynamic_selected_high/1153bda90730934607522125.csv,1153bda90730934607522125
high,11,7,ADAPT-V2,raw/kaggle/selected_high/f410f7064c081e00/dynamic_selected_high/b7404908dd2f7f94151adab5.csv,b7404908dd2f7f94151adab5
high,71,9,ADAPT-V1,raw/kaggle/selected_high/f410f7064c081e00/dynamic_selected_high/d74f9e2072b94391b4941522.csv,d74f9e2072b94391b4941522
high,11,4,ADAPT-V1,raw/kaggle/selected_high/f410f7064c081e00/dynamic_selected_high/9d73e69ad57347e3c3bd65f8.csv,9d73e69ad57347e3c3bd65f8
high,23,9,ADAPT-V2,raw/kaggle/selected_high/f410f7064c081e00/dynamic_selected_high/f85d3d936262d7fbd001c814.csv,f85d3d936262d7fbd001c814
high,37,4,STATIC-REGIONAL,raw/kaggle/selected_high/f410f7064c081e00/dynamic_selected_high/46a59bf18280ed8d7b28d6d8.csv,46a59bf18280ed8d7b28d6d8
high,53,0,ADAPT-V2,raw/kaggle/selected_high/f410f7064c081e00/dynamic_selected_high/7172c2c1be23414802e712d4.csv,7172c2c1be23414802e712d4
high,23,5,ADAPT-V1,raw/kaggle/selected_high/f410f7064c081e00/dynamic_selected_high/12ad1edd3f4198969c3b2dff.csv,12ad1edd3f4198969c3b2dff
high,11,6,ADAPT-V1,raw/kaggle/selected_high/f410f7064c081e00/dynamic_selected_high/3f486f24c4b91f4818fd44c0.csv,3f486f24c4b91f4818fd44c0
high,23,2,ADAPT-V2,raw/kaggle/selected_high/f410f7064c081e00/dynamic_selected_high/ea5b3dc93901e14888fbd040.csv,ea5b3dc93901e14888fbd040
high,37,5,ADAPT-V1,raw/kaggle/selected_high/f410f7064c081e00/dynamic_selected_high/de8b8f97c669d7e8bdfbca00.csv,de8b8f97c669d7e8bdfbca00
high,11,6,STATIC-REGIONAL,raw/kaggle/selected_high/f410f7064c081e00/dynamic_selected_high/a46d5990fe5deb7fae309337.csv,a46d5990fe5deb7fae309337
high,37,5,ADAPT-V2,raw/kaggle/selected_high/f410f7064c081e00/dynamic_selected_high/e745e16b7cd71a2c9ef9e6f9.csv,e745e16b7cd71a2c9ef9e6f9
high,37,3,ADAPT-V2,raw/kaggle/selected_high/f410f7064c081e00/dynamic_selected_high/6bb1b296243c7553d5919a7a.csv,6bb1b296243c7553d5919a7a
high,11,5,ADAPT-V1,raw/kaggle/selected_high/f410f7064c081e00/dynamic_selected_high/14fe1ccdc500b00aced77330.csv,14fe1ccdc500b00aced77330
high,71,8,ADAPT-V1,raw/kaggle/selected_high/f410f7064c081e00/dynamic_selected_high/43c995555d35ca1214434120.csv,43c995555d35ca1214434120
high,53,6,STATIC-REGIONAL,raw/kaggle/selected_high/f410f7064c081e00/dynamic_selected_high/5e1f69b1f4836df4239715b5.csv,5e1f69b1f4836df4239715b5
high,23,7,ADAPT-V1,raw/kaggle/selected_high/f410f7064c081e00/dynamic_selected_high/df7327527b0f053b6294bae1.csv,df7327527b0f053b6294bae1
high,71,3,ADAPT-V2,raw/kaggle/selected_high/f410f7064c081e00/dynamic_selected_high/f6104acb5490ccf2c5f54cbc.csv,f6104acb5490ccf2c5f54cbc
high,11,6,ADAPT-V2,raw/kaggle/selected_high/f410f7064c081e00/dynamic_selected_high/d62dbd571fc5c9a83ce875e0.csv,d62dbd571fc5c9a83ce875e0
high,11,1,ADAPT-V1,raw/kaggle/selected_high/f410f7064c081e00/dynamic_selected_high/f59f01225c1e39186eb33438.csv,f59f01225c1e39186eb33438
high,11,7,STATIC-REGIONAL,raw/kaggle/selected_high/f410f7064c081e00/dynamic_selected_high/01a65139fd1cbea199ab1019.csv,01a65139fd1cbea199ab1019
high,53,7,STATIC-REGIONAL,raw/kaggle/selected_high/f410f7064c081e00/dynamic_selected_high/09ffd0fd171eb2076aa45228.csv,09ffd0fd171eb2076aa45228
high,53,2,ADAPT-V1,raw/kaggle/selected_high/f410f7064c081e00/dynamic_selected_high/acfedfd71d103f9dcd837f2c.csv,acfedfd71d103f9dcd837f2c
high,53,4,ADAPT-V1,raw/kaggle/selected_high/f410f7064c081e00/dynamic_selected_high/f65919f508b8dcabe75cd062.csv,f65919f508b8dcabe75cd062
high,11,3,ADAPT-V1,raw/kaggle/selected_high/f410f7064c081e00/dynamic_selected_high/123892c6f1d0dbb85386f0b9.csv,123892c6f1d0dbb85386f0b9
high,11,9,ADAPT-V1,raw/kaggle/selected_high/f410f7064c081e00/dynamic_selected_high/f028be2417c046ecc56069a3.csv,f028be2417c046ecc56069a3
high,23,1,STATIC-REGIONAL,raw/kaggle/selected_high/f410f7064c081e00/dynamic_selected_high/9d33060b888d39d032690963.csv,9d33060b888d39d032690963
high,37,8,ADAPT-V1,raw/kaggle/selected_high/f410f7064c081e00/dynamic_selected_high/69d03ac25c31b6aa21e6fbd7.csv,69d03ac25c31b6aa21e6fbd7
high,53,6,ADAPT-V2,raw/kaggle/selected_high/f410f7064c081e00/dynamic_selected_high/5c36c787645c3db1d0a3d29c.csv,5c36c787645c3db1d0a3d29c
high,11,2,STATIC-REGIONAL,raw/kaggle/selected_high/f410f7064c081e00/dynamic_selected_high/5dc1c9aa4e5069be3978d63f.csv,5dc1c9aa4e5069be3978d63f
high,37,3,STATIC-REGIONAL,raw/kaggle/selected_high/f410f7064c081e00/dynamic_selected_high/017b1564ade842108cee86a0.csv,017b1564ade842108cee86a0
high,37,1,ADAPT-V1,raw/kaggle/selected_high/f410f7064c081e00/dynamic_selected_high/492d7cd6b41afd7a9f6a75ba.csv,492d7cd6b41afd7a9f6a75ba
high,53,4,STATIC-REGIONAL,raw/kaggle/selected_high/f410f7064c081e00/dynamic_selected_high/aad6a0cca178753edc7bac24.csv,aad6a0cca178753edc7bac24
high,23,3,ADAPT-V1,raw/kaggle/selected_high/f410f7064c081e00/dynamic_selected_high/d6a3a7900caea986b71620ed.csv,d6a3a7900caea986b71620ed
high,37,3,ADAPT-V1,raw/kaggle/selected_high/f410f7064c081e00/dynamic_selected_high/4b539186217cb2cd30a8e533.csv,4b539186217cb2cd30a8e533
high,71,6,STATIC-REGIONAL,raw/kaggle/selected_high/f410f7064c081e00/dynamic_selected_high/cec55827353e28e80b1a7dba.csv,cec55827353e28e80b1a7dba
high,23,0,ADAPT-V2,raw/kaggle/selected_high/f410f7064c081e00/dynamic_selected_high/5ef909d3e4d33deeda6232a5.csv,5ef909d3e4d33deeda6232a5
high,71,6,ADAPT-V1,raw/kaggle/selected_high/f410f7064c081e00/dynamic_selected_high/8dc956dd701c8e1d30e944d2.csv,8dc956dd701c8e1d30e944d2
high,11,5,ADAPT-V2,raw/kaggle/selected_high/f410f7064c081e00/dynamic_selected_high/e835b493d49ace8c760cc23f.csv,e835b493d49ace8c760cc23f
high,71,0,ADAPT-V1,raw/kaggle/selected_high/f410f7064c081e00/dynamic_selected_high/5e1e39ad2a9f088507db38cb.csv,5e1e39ad2a9f088507db38cb
high,71,7,ADAPT-V1,raw/kaggle/selected_high/f410f7064c081e00/dynamic_selected_high/92cc420009f3b29e298a163a.csv,92cc420009f3b29e298a163a
high,37,4,ADAPT-V1,raw/kaggle/selected_high/f410f7064c081e00/dynamic_selected_high/cdd57ff8073c1b2c0c102173.csv,cdd57ff8073c1b2c0c102173
high,71,1,ADAPT-V2,raw/kaggle/selected_high/f410f7064c081e00/dynamic_selected_high/28ae880694fb7799c07dd473.csv,28ae880694fb7799c07dd473
high,53,3,ADAPT-V1,raw/kaggle/selected_high/f410f7064c081e00/dynamic_selected_high/3b3690986f7c84cade99cb72.csv,3b3690986f7c84cade99cb72
high,11,2,ADAPT-V2,raw/kaggle/selected_high/f410f7064c081e00/dynamic_selected_high/339af96112f96fb4ccf7350c.csv,339af96112f96fb4ccf7350c
high,53,5,STATIC-REGIONAL,raw/kaggle/selected_high/f410f7064c081e00/dynamic_selected_high/c33a03e020663e5d9ee6761a.csv,c33a03e020663e5d9ee6761a
high,71,1,ADAPT-V1,raw/kaggle/selected_high/f410f7064c081e00/dynamic_selected_high/35fd0c75293850f236bffcbd.csv,35fd0c75293850f236bffcbd
high,53,8,ADAPT-V2,raw/kaggle/selected_high/f410f7064c081e00/dynamic_selected_high/6e735d7ae778f1e9b5f5e433.csv,6e735d7ae778f1e9b5f5e433
high,11,5,STATIC-REGIONAL,raw/kaggle/selected_high/f410f7064c081e00/dynamic_selected_high/57edec3340783bb0461ddfd6.csv,57edec3340783bb0461ddfd6
high,37,6,STATIC-REGIONAL,raw/kaggle/selected_high/f410f7064c081e00/dynamic_selected_high/584bdb71ddff410e07e76096.csv,584bdb71ddff410e07e76096
high,37,9,STATIC-REGIONAL,raw/kaggle/selected_high/f410f7064c081e00/dynamic_selected_high/835884a2761bac9c34ad6429.csv,835884a2761bac9c34ad6429
high,71,8,ADAPT-V2,raw/kaggle/selected_high/f410f7064c081e00/dynamic_selected_high/894141e86ebd9814243a025d.csv,894141e86ebd9814243a025d
high,11,8,ADAPT-V1,raw/kaggle/selected_high/f410f7064c081e00/dynamic_selected_high/32f7fe39d31a13e3bfddef6c.csv,32f7fe39d31a13e3bfddef6c
high,11,3,STATIC-REGIONAL,raw/kaggle/selected_high/f410f7064c081e00/dynamic_selected_high/2f65b62ca994ee476fcc2433.csv,2f65b62ca994ee476fcc2433
high,11,1,ADAPT-V2,raw/kaggle/selected_high/f410f7064c081e00/dynamic_selected_high/b29467fd51dbf7f1925c9f9c.csv,b29467fd51dbf7f1925c9f9c
high,53,6,ADAPT-V1,raw/kaggle/selected_high/f410f7064c081e00/dynamic_selected_high/d8e2c32cd504e05699ae2d47.csv,d8e2c32cd504e05699ae2d47
high,23,6,ADAPT-V1,raw/kaggle/selected_high/f410f7064c081e00/dynamic_selected_high/7f81535a31930c5a97a4c8bf.csv,7f81535a31930c5a97a4c8bf
high,71,5,ADAPT-V1,raw/kaggle/selected_high/f410f7064c081e00/dynamic_selected_high/d30cac998e89d2da6e35688f.csv,d30cac998e89d2da6e35688f
high,53,9,ADAPT-V1,raw/kaggle/selected_high/f410f7064c081e00/dynamic_selected_high/d53618c410fcf0aa908f6636.csv,d53618c410fcf0aa908f6636
high,71,4,ADAPT-V1,raw/kaggle/selected_high/f410f7064c081e00/dynamic_selected_high/7834866085ab0cedbbbad1c8.csv,7834866085ab0cedbbbad1c8
high,23,9,ADAPT-V1,raw/kaggle/selected_high/f410f7064c081e00/dynamic_selected_high/24b9700b9133117a4dcce4c2.csv,24b9700b9133117a4dcce4c2
high,71,0,ADAPT-V2,raw/kaggle/selected_high/f410f7064c081e00/dynamic_selected_high/8965456207986ae2ee5e59e9.csv,8965456207986ae2ee5e59e9
high,71,6,ADAPT-V2,raw/kaggle/selected_high/f410f7064c081e00/dynamic_selected_high/ef0c2d899bb7d65f38c2aeb7.csv,ef0c2d899bb7d65f38c2aeb7
high,23,6,ADAPT-V2,raw/kaggle/selected_high/f410f7064c081e00/dynamic_selected_high/e2d0e9f809e22b514fc86199.csv,e2d0e9f809e22b514fc86199
high,37,7,ADAPT-V2,raw/kaggle/selected_high/f410f7064c081e00/dynamic_selected_high/e557ddc8a4b958208fc011b4.csv,e557ddc8a4b958208fc011b4
high,23,1,ADAPT-V1,raw/kaggle/selected_high/f410f7064c081e00/dynamic_selected_high/50d9f3cd8b2e319d53d45aa3.csv,50d9f3cd8b2e319d53d45aa3
high,37,6,ADAPT-V1,raw/kaggle/selected_high/f410f7064c081e00/dynamic_selected_high/4842794b5f118d6e352eeeba.csv,4842794b5f118d6e352eeeba
high,71,5,STATIC-REGIONAL,raw/kaggle/selected_high/f410f7064c081e00/dynamic_selected_high/c110ad15160d06ce2f3de6b1.csv,c110ad15160d06ce2f3de6b1
high,37,8,STATIC-REGIONAL,raw/kaggle/selected_high/f410f7064c081e00/dynamic_selected_high/fb31e30401c90f7c1e98662f.csv,fb31e30401c90f7c1e98662f
high,37,0,ADAPT-V1,raw/kaggle/selected_high/f410f7064c081e00/dynamic_selected_high/f74467f475e74321d3682c8a.csv,f74467f475e74321d3682c8a
high,37,4,ADAPT-V2,raw/kaggle/selected_high/f410f7064c081e00/dynamic_selected_high/80cfdb13ba5ee9c8f9c6e94d.csv,80cfdb13ba5ee9c8f9c6e94d
high,37,1,ADAPT-V2,raw/kaggle/selected_high/f410f7064c081e00/dynamic_selected_high/c8dc3e40e03ae9d7eaf0eb28.csv,c8dc3e40e03ae9d7eaf0eb28
high,23,4,ADAPT-V2,raw/kaggle/selected_high/f410f7064c081e00/dynamic_selected_high/fc44ce0f5a4ca3a930a28f66.csv,fc44ce0f5a4ca3a930a28f66
high,23,4,ADAPT-V1,raw/kaggle/selected_high/f410f7064c081e00/dynamic_selected_high/29d4d1d2054bbde2becc985c.csv,29d4d1d2054bbde2becc985c
high,53,3,STATIC-REGIONAL,raw/kaggle/selected_high/f410f7064c081e00/dynamic_selected_high/4b26e2cc4e8258ed898f893e.csv,4b26e2cc4e8258ed898f893e
high,37,6,ADAPT-V2,raw/kaggle/selected_high/f410f7064c081e00/dynamic_selected_high/f12e0d4a979bf720b6377895.csv,f12e0d4a979bf720b6377895
high,37,1,STATIC-REGIONAL,raw/kaggle/selected_high/f410f7064c081e00/dynamic_selected_high/5c88593099db5d098d3f0c42.csv,5c88593099db5d098d3f0c42
high,71,9,ADAPT-V2,raw/kaggle/selected_high/f410f7064c081e00/dynamic_selected_high/d0edb3f179910bc623e9584a.csv,d0edb3f179910bc623e9584a
high,53,4,ADAPT-V2,raw/kaggle/selected_high/f410f7064c081e00/dynamic_selected_high/f5d73a7319e13bad6d5c5788.csv,f5d73a7319e13bad6d5c5788
high,37,2,STATIC-REGIONAL,raw/kaggle/selected_high/f410f7064c081e00/dynamic_selected_high/d41c28cf2599d4a6d4ed48f3.csv,d41c28cf2599d4a6d4ed48f3
high,23,0,STATIC-REGIONAL,raw/kaggle/selected_high/f410f7064c081e00/dynamic_selected_high/7806ba759eca5fb9a1ee780f.csv,7806ba759eca5fb9a1ee780f
high,37,9,ADAPT-V2,raw/kaggle/selected_high/f410f7064c081e00/dynamic_selected_high/b647cf39477e17cf5e392f05.csv,b647cf39477e17cf5e392f05
high,11,9,STATIC-REGIONAL,raw/kaggle/selected_high/f410f7064c081e00/dynamic_selected_high/4b5ba6e85fac98fc2e7f4776.csv,4b5ba6e85fac98fc2e7f4776
high,53,7,ADAPT-V1,raw/kaggle/selected_high/f410f7064c081e00/dynamic_selected_high/ae4349fcc4142a9d56d57c6c.csv,ae4349fcc4142a9d56d57c6c
high,37,7,ADAPT-V1,raw/kaggle/selected_high/f410f7064c081e00/dynamic_selected_high/4638e8aafdc92e46cb9535c1.csv,4638e8aafdc92e46cb9535c1
high,53,5,ADAPT-V1,raw/kaggle/selected_high/f410f7064c081e00/dynamic_selected_high/ee9e03d0e8044bf22a27e76e.csv,ee9e03d0e8044bf22a27e76e
high,23,0,ADAPT-V1,raw/kaggle/selected_high/f410f7064c081e00/dynamic_selected_high/bade0a4a3047a52aded8b1b1.csv,bade0a4a3047a52aded8b1b1
high,37,2,ADAPT-V2,raw/kaggle/selected_high/f410f7064c081e00/dynamic_selected_high/6483282483f0588a4831a9b9.csv,6483282483f0588a4831a9b9
high,11,3,ADAPT-V2,raw/kaggle/selected_high/f410f7064c081e00/dynamic_selected_high/ad56ef6151d1240fdc2deedd.csv,ad56ef6151d1240fdc2deedd
high,71,9,STATIC-REGIONAL,raw/kaggle/selected_high/f410f7064c081e00/dynamic_selected_high/13e7c01149ea21f4155d20fb.csv,13e7c01149ea21f4155d20fb
high,71,8,STATIC-REGIONAL,raw/kaggle/selected_high/f410f7064c081e00/dynamic_selected_high/b3550c9810b06324de707ed6.csv,b3550c9810b06324de707ed6
high,71,2,ADAPT-V1,raw/kaggle/selected_high/f410f7064c081e00/dynamic_selected_high/40b8aa4d3ed46694e6414ea6.csv,40b8aa4d3ed46694e6414ea6
high,23,7,ADAPT-V2,raw/kaggle/selected_high/f410f7064c081e00/dynamic_selected_high/42c45c095b22c4e1312a1d2c.csv,42c45c095b22c4e1312a1d2c
high,71,5,ADAPT-V2,raw/kaggle/selected_high/f410f7064c081e00/dynamic_selected_high/13a928da2600e613a7741c29.csv,13a928da2600e613a7741c29
high,23,8,ADAPT-V2,raw/kaggle/selected_high/f410f7064c081e00/dynamic_selected_high/ed2568042f6e15abea4d0ad9.csv,ed2568042f6e15abea4d0ad9
high,53,8,STATIC-REGIONAL,raw/kaggle/selected_high/f410f7064c081e00/dynamic_selected_high/ddbaf6ce44bd7085ea2a21d2.csv,ddbaf6ce44bd7085ea2a21d2
high,53,5,ADAPT-V2,raw/kaggle/selected_high/f410f7064c081e00/dynamic_selected_high/165175d990db456c8fd2d3c3.csv,165175d990db456c8fd2d3c3
high,23,2,ADAPT-V1,raw/kaggle/selected_high/f410f7064c081e00/dynamic_selected_high/3164baa052adbec633913d7d.csv,3164baa052adbec633913d7d
high,71,7,ADAPT-V2,raw/kaggle/selected_high/f410f7064c081e00/dynamic_selected_high/8b7b593dd60e4bd51dd1b95c.csv,8b7b593dd60e4bd51dd1b95c
high,11,2,ADAPT-V1,raw/kaggle/selected_high/f410f7064c081e00/dynamic_selected_high/eda122de3d1b844c2982a252.csv,eda122de3d1b844c2982a252
high,37,7,STATIC-REGIONAL,raw/kaggle/selected_high/f410f7064c081e00/dynamic_selected_high/f835e3daf8dfce2ee9674760.csv,f835e3daf8dfce2ee9674760
high,53,8,ADAPT-V1,raw/kaggle/selected_high/f410f7064c081e00/dynamic_selected_high/784855027521cd6c224f7470.csv,784855027521cd6c224f7470
high,23,5,ADAPT-V2,raw/kaggle/selected_high/f410f7064c081e00/dynamic_selected_high/eb114ead4becfffe1adfe77c.csv,eb114ead4becfffe1adfe77c
high,11,4,ADAPT-V2,raw/kaggle/selected_high/f410f7064c081e00/dynamic_selected_high/8a384f89252be8334776cbdd.csv,8a384f89252be8334776cbdd
high,11,7,ADAPT-V1,raw/kaggle/selected_high/f410f7064c081e00/dynamic_selected_high/c2e06b8cd149ab6236c32050.csv,c2e06b8cd149ab6236c32050
high,23,8,ADAPT-V1,raw/kaggle/selected_high/f410f7064c081e00/dynamic_selected_high/6589fa1197b3b9851cbd7d05.csv,6589fa1197b3b9851cbd7d05
high,23,9,STATIC-REGIONAL,raw/kaggle/selected_high/f410f7064c081e00/dynamic_selected_high/6917aa733d357fda79911656.csv,6917aa733d357fda79911656
high,71,0,STATIC-REGIONAL,raw/kaggle/selected_high/f410f7064c081e00/dynamic_selected_high/1e9c6e93ae718fc603a67db4.csv,1e9c6e93ae718fc603a67db4
high,71,3,STATIC-REGIONAL,raw/kaggle/selected_high/f410f7064c081e00/dynamic_selected_high/0dac11aba708ae87c97aede0.csv,0dac11aba708ae87c97aede0
high,37,8,ADAPT-V2,raw/kaggle/selected_high/f410f7064c081e00/dynamic_selected_high/5797064bb1e447bd6ce57a74.csv,5797064bb1e447bd6ce57a74
high,11,0,STATIC-REGIONAL,raw/kaggle/selected_high/f410f7064c081e00/dynamic_selected_high/317db0c1547c0e558b9aea76.csv,317db0c1547c0e558b9aea76
high,23,5,STATIC-REGIONAL,raw/kaggle/selected_high/f410f7064c081e00/dynamic_selected_high/1957228df955f31c531fa698.csv,1957228df955f31c531fa698
high,53,7,ADAPT-V2,raw/kaggle/selected_high/f410f7064c081e00/dynamic_selected_high/7abab64e539a5b79f0ad4610.csv,7abab64e539a5b79f0ad4610
high,23,3,STATIC-REGIONAL,raw/kaggle/selected_high/f410f7064c081e00/dynamic_selected_high/9691a908b08309a9d2ad0955.csv,9691a908b08309a9d2ad0955
high,37,2,ADAPT-V1,raw/kaggle/selected_high/f410f7064c081e00/dynamic_selected_high/f1e44ebac17ac147f7d66a11.csv,f1e44ebac17ac147f7d66a11
high,53,1,STATIC-REGIONAL,raw/kaggle/selected_high/f410f7064c081e00/dynamic_selected_high/7bb66f5a562f4e8fddae409b.csv,7bb66f5a562f4e8fddae409b
high,37,9,ADAPT-V1,raw/kaggle/selected_high/f410f7064c081e00/dynamic_selected_high/2c2f47462b3d12ad7091f076.csv,2c2f47462b3d12ad7091f076
high,53,9,ADAPT-V2,raw/kaggle/selected_high/f410f7064c081e00/dynamic_selected_high/0c1e0a73be4138f7e5384fcc.csv,0c1e0a73be4138f7e5384fcc
high,23,7,STATIC-REGIONAL,raw/kaggle/selected_high/f410f7064c081e00/dynamic_selected_high/32a46463632fd89b351b4535.csv,32a46463632fd89b351b4535
high,11,4,STATIC-REGIONAL,raw/kaggle/selected_high/f410f7064c081e00/dynamic_selected_high/5177fac5cff564c63e1eb27e.csv,5177fac5cff564c63e1eb27e
high,71,4,STATIC-REGIONAL,raw/kaggle/selected_high/f410f7064c081e00/dynamic_selected_high/3b7b8102a3b497435f7f7322.csv,3b7b8102a3b497435f7f7322
high,37,0,STATIC-REGIONAL,raw/kaggle/selected_high/f410f7064c081e00/dynamic_selected_high/02528c1af257c93d9365b508.csv,02528c1af257c93d9365b508
high,53,2,STATIC-REGIONAL,raw/kaggle/selected_high/f410f7064c081e00/dynamic_selected_high/ec3dbecc85308dad4ad25046.csv,ec3dbecc85308dad4ad25046
high,23,3,ADAPT-V2,raw/kaggle/selected_high/f410f7064c081e00/dynamic_selected_high/dc26cffeef672972d082f697.csv,dc26cffeef672972d082f697
high,37,5,STATIC-REGIONAL,raw/kaggle/selected_high/f410f7064c081e00/dynamic_selected_high/e45e9757860d2f77f14626cf.csv,e45e9757860d2f77f14626cf
high,11,9,ADAPT-V2,raw/kaggle/selected_high/f410f7064c081e00/dynamic_selected_high/fdaf1b8dfd9e3ab16d7bdc0d.csv,fdaf1b8dfd9e3ab16d7bdc0d
high,11,1,STATIC-REGIONAL,raw/kaggle/selected_high/f410f7064c081e00/dynamic_selected_high/fe23f50a762c6371a033394b.csv,fe23f50a762c6371a033394b
high,71,4,ADAPT-V2,raw/kaggle/selected_high/f410f7064c081e00/dynamic_selected_high/aa3980224a0f9704b1ec1a50.csv,aa3980224a0f9704b1ec1a50
high,71,3,ADAPT-V1,raw/kaggle/selected_high/f410f7064c081e00/dynamic_selected_high/7d4335890ac79b33bae70d76.csv,7d4335890ac79b33bae70d76
high,23,8,STATIC-REGIONAL,raw/kaggle/selected_high/f410f7064c081e00/dynamic_selected_high/3b2cc3edd46020c626513c5f.csv,3b2cc3edd46020c626513c5f
high,11,8,STATIC-REGIONAL,raw/kaggle/selected_high/f410f7064c081e00/dynamic_selected_high/8b7511c1604034e30caf48a5.csv,8b7511c1604034e30caf48a5
high,23,6,STATIC-REGIONAL,raw/kaggle/selected_high/f410f7064c081e00/dynamic_selected_high/1e026736fa01483d4d8a4b5d.csv,1e026736fa01483d4d8a4b5d
high,23,1,ADAPT-V2,raw/kaggle/selected_high/f410f7064c081e00/dynamic_selected_high/aa45d13abd5e84acb36571b0.csv,aa45d13abd5e84acb36571b0
high,71,2,STATIC-REGIONAL,raw/kaggle/selected_high/f410f7064c081e00/dynamic_selected_high/818c6c036f2270f75d75198f.csv,818c6c036f2270f75d75198f
high,23,2,STATIC-REGIONAL,raw/kaggle/selected_high/f410f7064c081e00/dynamic_selected_high/118208a4d9fb4b7cdba6e208.csv,118208a4d9fb4b7cdba6e208
high,37,0,ADAPT-V2,raw/kaggle/selected_high/f410f7064c081e00/dynamic_selected_high/4c0bc0f9d470f76e9d141609.csv,4c0bc0f9d470f76e9d141609
high,53,1,ADAPT-V1,raw/kaggle/selected_high/f410f7064c081e00/dynamic_selected_high/54f71126cf0ebfc79135c6ad.csv,54f71126cf0ebfc79135c6ad
high,23,4,STATIC-REGIONAL,raw/kaggle/selected_high/f410f7064c081e00/dynamic_selected_high/0acda6e88fd61f27c23f2176.csv,0acda6e88fd61f27c23f2176
high,71,2,ADAPT-V2,raw/kaggle/selected_high/f410f7064c081e00/dynamic_selected_high/8ed1855ce2af20fb62900656.csv,8ed1855ce2af20fb62900656
high,53,0,ADAPT-V1,raw/kaggle/selected_high/f410f7064c081e00/dynamic_selected_high/d84d9e9ba7ed17ebf035a451.csv,d84d9e9ba7ed17ebf035a451
high,23,0,PERFECT-V2,raw/kaggle/perfect_high/f410f7064c081e00/dynamic_perfect_high/88cb829584c8ebbf7bae3839.csv,88cb829584c8ebbf7bae3839
high,71,5,PERFECT-V2,raw/kaggle/perfect_high/f410f7064c081e00/dynamic_perfect_high/748d9d70d8825ab01eecbf7f.csv,748d9d70d8825ab01eecbf7f
high,11,5,PERFECT-V2,raw/kaggle/perfect_high/f410f7064c081e00/dynamic_perfect_high/7cca4bb0be6bae17a54f1b92.csv,7cca4bb0be6bae17a54f1b92
high,53,4,PERFECT-V1,raw/kaggle/perfect_high/f410f7064c081e00/dynamic_perfect_high/92f4353c53056a8537e4fcd3.csv,92f4353c53056a8537e4fcd3
high,53,6,PERFECT-V2,raw/kaggle/perfect_high/f410f7064c081e00/dynamic_perfect_high/54e0b31b2c4be61e17c6f081.csv,54e0b31b2c4be61e17c6f081
high,23,2,PERFECT-V2,raw/kaggle/perfect_high/f410f7064c081e00/dynamic_perfect_high/d78e49e17c125fd721bc684b.csv,d78e49e17c125fd721bc684b
high,53,2,PERFECT-V2,raw/kaggle/perfect_high/f410f7064c081e00/dynamic_perfect_high/68cb0292c6f1675437db6c57.csv,68cb0292c6f1675437db6c57
high,71,2,PERFECT-V1,raw/kaggle/perfect_high/f410f7064c081e00/dynamic_perfect_high/f14985b777934dce2f37b8fb.csv,f14985b777934dce2f37b8fb
high,37,5,PERFECT-V1,raw/kaggle/perfect_high/f410f7064c081e00/dynamic_perfect_high/cc5106ca639753565d6a198e.csv,cc5106ca639753565d6a198e
high,11,7,PERFECT-V2,raw/kaggle/perfect_high/f410f7064c081e00/dynamic_perfect_high/cb98a3c1f6d959ae007b6906.csv,cb98a3c1f6d959ae007b6906
high,11,1,PERFECT-V2,raw/kaggle/perfect_high/f410f7064c081e00/dynamic_perfect_high/3418e5d695bde99da2d671c8.csv,3418e5d695bde99da2d671c8
high,53,2,PERFECT-V1,raw/kaggle/perfect_high/f410f7064c081e00/dynamic_perfect_high/bd474f88d835c32278627856.csv,bd474f88d835c32278627856
high,23,8,PERFECT-V1,raw/kaggle/perfect_high/f410f7064c081e00/dynamic_perfect_high/651bcbc53757bd80051bb4f6.csv,651bcbc53757bd80051bb4f6
high,37,6,PERFECT-V2,raw/kaggle/perfect_high/f410f7064c081e00/dynamic_perfect_high/8f86d0a1b7f27b8e01152f9e.csv,8f86d0a1b7f27b8e01152f9e
high,53,3,PERFECT-V1,raw/kaggle/perfect_high/f410f7064c081e00/dynamic_perfect_high/4ddd5af05ee6aa61e108f70d.csv,4ddd5af05ee6aa61e108f70d
high,11,2,PERFECT-V2,raw/kaggle/perfect_high/f410f7064c081e00/dynamic_perfect_high/d5402c1380c7a0a69b4d1de0.csv,d5402c1380c7a0a69b4d1de0
high,53,6,PERFECT-V1,raw/kaggle/perfect_high/f410f7064c081e00/dynamic_perfect_high/575abb4cb87a22869092219e.csv,575abb4cb87a22869092219e
high,71,3,PERFECT-V2,raw/kaggle/perfect_high/f410f7064c081e00/dynamic_perfect_high/86b25c0fbea96552a851d509.csv,86b25c0fbea96552a851d509
high,53,5,PERFECT-V2,raw/kaggle/perfect_high/f410f7064c081e00/dynamic_perfect_high/3380bdd7b9874dfa89770817.csv,3380bdd7b9874dfa89770817
high,23,9,PERFECT-V2,raw/kaggle/perfect_high/f410f7064c081e00/dynamic_perfect_high/c61a017eb8861619ad86791f.csv,c61a017eb8861619ad86791f
high,37,6,PERFECT-V1,raw/kaggle/perfect_high/f410f7064c081e00/dynamic_perfect_high/86406dcc11e21f46f6566efd.csv,86406dcc11e21f46f6566efd
high,71,9,PERFECT-V2,raw/kaggle/perfect_high/f410f7064c081e00/dynamic_perfect_high/b1544e61b19366c64d455746.csv,b1544e61b19366c64d455746
high,71,5,PERFECT-V1,raw/kaggle/perfect_high/f410f7064c081e00/dynamic_perfect_high/456a2bd46c12c7b08a89bc33.csv,456a2bd46c12c7b08a89bc33
high,37,3,PERFECT-V1,raw/kaggle/perfect_high/f410f7064c081e00/dynamic_perfect_high/598af019040b331f066e6b05.csv,598af019040b331f066e6b05
high,23,1,PERFECT-V1,raw/kaggle/perfect_high/f410f7064c081e00/dynamic_perfect_high/ae0e8c34d061202345bfa18b.csv,ae0e8c34d061202345bfa18b
high,23,7,PERFECT-V1,raw/kaggle/perfect_high/f410f7064c081e00/dynamic_perfect_high/79e0ef804e4735d7ab534450.csv,79e0ef804e4735d7ab534450
high,11,8,PERFECT-V1,raw/kaggle/perfect_high/f410f7064c081e00/dynamic_perfect_high/1cbabbc88e0a4222cfd38221.csv,1cbabbc88e0a4222cfd38221
high,37,2,PERFECT-V2,raw/kaggle/perfect_high/f410f7064c081e00/dynamic_perfect_high/89565bbe91bb2d17e4fd66e9.csv,89565bbe91bb2d17e4fd66e9
high,37,8,PERFECT-V2,raw/kaggle/perfect_high/f410f7064c081e00/dynamic_perfect_high/aa3a9783600483c45b704276.csv,aa3a9783600483c45b704276
high,23,1,PERFECT-V2,raw/kaggle/perfect_high/f410f7064c081e00/dynamic_perfect_high/acc2eac6c63ade610669f403.csv,acc2eac6c63ade610669f403
high,37,4,PERFECT-V1,raw/kaggle/perfect_high/f410f7064c081e00/dynamic_perfect_high/39dbc173fd5ae98ea1a77b51.csv,39dbc173fd5ae98ea1a77b51
high,53,4,PERFECT-V2,raw/kaggle/perfect_high/f410f7064c081e00/dynamic_perfect_high/474f14255a2c3b11944628a0.csv,474f14255a2c3b11944628a0
high,37,3,PERFECT-V2,raw/kaggle/perfect_high/f410f7064c081e00/dynamic_perfect_high/5ca28e9a5b968965de2b61ed.csv,5ca28e9a5b968965de2b61ed
high,37,9,PERFECT-V1,raw/kaggle/perfect_high/f410f7064c081e00/dynamic_perfect_high/b610d939e72a04c3e7fbd542.csv,b610d939e72a04c3e7fbd542
high,53,8,PERFECT-V2,raw/kaggle/perfect_high/f410f7064c081e00/dynamic_perfect_high/188dbc1ad147053e84657db2.csv,188dbc1ad147053e84657db2
high,11,0,PERFECT-V2,raw/kaggle/perfect_high/f410f7064c081e00/dynamic_perfect_high/647c93262874c1b6b26293cc.csv,647c93262874c1b6b26293cc
high,37,2,PERFECT-V1,raw/kaggle/perfect_high/f410f7064c081e00/dynamic_perfect_high/1ac1df1b8879fd9e7cccd42a.csv,1ac1df1b8879fd9e7cccd42a
high,11,6,PERFECT-V2,raw/kaggle/perfect_high/f410f7064c081e00/dynamic_perfect_high/1877d96571c31265515a310e.csv,1877d96571c31265515a310e
high,53,3,PERFECT-V2,raw/kaggle/perfect_high/f410f7064c081e00/dynamic_perfect_high/d81d2c6d6bec24abe2f8a17d.csv,d81d2c6d6bec24abe2f8a17d
high,71,8,PERFECT-V1,raw/kaggle/perfect_high/f410f7064c081e00/dynamic_perfect_high/ad47555bc0170ea5d5f1104f.csv,ad47555bc0170ea5d5f1104f
high,71,3,PERFECT-V1,raw/kaggle/perfect_high/f410f7064c081e00/dynamic_perfect_high/e8da1b5b370a8e5dd1eff175.csv,e8da1b5b370a8e5dd1eff175
high,11,3,PERFECT-V1,raw/kaggle/perfect_high/f410f7064c081e00/dynamic_perfect_high/4adf752cbd234ade9b2d3462.csv,4adf752cbd234ade9b2d3462
high,53,8,PERFECT-V1,raw/kaggle/perfect_high/f410f7064c081e00/dynamic_perfect_high/404cf224a5559ee180dc3b19.csv,404cf224a5559ee180dc3b19
high,11,7,PERFECT-V1,raw/kaggle/perfect_high/f410f7064c081e00/dynamic_perfect_high/0dff4ce0cd435bd22e2ac670.csv,0dff4ce0cd435bd22e2ac670
high,53,5,PERFECT-V1,raw/kaggle/perfect_high/f410f7064c081e00/dynamic_perfect_high/cadc3ec343d6d6eedfb84714.csv,cadc3ec343d6d6eedfb84714
high,11,6,PERFECT-V1,raw/kaggle/perfect_high/f410f7064c081e00/dynamic_perfect_high/fafc5eb3ef52e3257b1cfb1b.csv,fafc5eb3ef52e3257b1cfb1b
high,71,6,PERFECT-V2,raw/kaggle/perfect_high/f410f7064c081e00/dynamic_perfect_high/37f1ac01bc44fd9332a7c777.csv,37f1ac01bc44fd9332a7c777
high,37,0,PERFECT-V1,raw/kaggle/perfect_high/f410f7064c081e00/dynamic_perfect_high/b54696cee924627545736422.csv,b54696cee924627545736422
high,23,8,PERFECT-V2,raw/kaggle/perfect_high/f410f7064c081e00/dynamic_perfect_high/333cd4b810d680bae47b34f4.csv,333cd4b810d680bae47b34f4
high,53,1,PERFECT-V2,raw/kaggle/perfect_high/f410f7064c081e00/dynamic_perfect_high/d6b3f8f42d687aabaf0d74ab.csv,d6b3f8f42d687aabaf0d74ab
high,23,9,PERFECT-V1,raw/kaggle/perfect_high/f410f7064c081e00/dynamic_perfect_high/e04d621af7ec0142a16c8563.csv,e04d621af7ec0142a16c8563
high,23,5,PERFECT-V2,raw/kaggle/perfect_high/f410f7064c081e00/dynamic_perfect_high/923dd6d610b5664ae6d890ec.csv,923dd6d610b5664ae6d890ec
high,11,9,PERFECT-V1,raw/kaggle/perfect_high/f410f7064c081e00/dynamic_perfect_high/aa7d11fa243ac5085931f757.csv,aa7d11fa243ac5085931f757
high,71,1,PERFECT-V2,raw/kaggle/perfect_high/f410f7064c081e00/dynamic_perfect_high/96c592b62b64c645989739b9.csv,96c592b62b64c645989739b9
high,37,7,PERFECT-V1,raw/kaggle/perfect_high/f410f7064c081e00/dynamic_perfect_high/3002da5890db04beb3235645.csv,3002da5890db04beb3235645
high,23,4,PERFECT-V2,raw/kaggle/perfect_high/f410f7064c081e00/dynamic_perfect_high/95445f547a27ec66e379564f.csv,95445f547a27ec66e379564f
high,37,9,PERFECT-V2,raw/kaggle/perfect_high/f410f7064c081e00/dynamic_perfect_high/198f93ad7a12106ab72f0d21.csv,198f93ad7a12106ab72f0d21
high,37,0,PERFECT-V2,raw/kaggle/perfect_high/f410f7064c081e00/dynamic_perfect_high/4094417b241ae5ef386183a1.csv,4094417b241ae5ef386183a1
high,71,6,PERFECT-V1,raw/kaggle/perfect_high/f410f7064c081e00/dynamic_perfect_high/37078adda6f770c4d49fc8ad.csv,37078adda6f770c4d49fc8ad
high,53,1,PERFECT-V1,raw/kaggle/perfect_high/f410f7064c081e00/dynamic_perfect_high/2a3d9674cc4a52570c119ecc.csv,2a3d9674cc4a52570c119ecc
high,23,6,PERFECT-V2,raw/kaggle/perfect_high/f410f7064c081e00/dynamic_perfect_high/342e40e163a4cd0d24981ced.csv,342e40e163a4cd0d24981ced
high,11,2,PERFECT-V1,raw/kaggle/perfect_high/f410f7064c081e00/dynamic_perfect_high/49d8f11c5700dae14d1691cc.csv,49d8f11c5700dae14d1691cc
high,37,4,PERFECT-V2,raw/kaggle/perfect_high/f410f7064c081e00/dynamic_perfect_high/c44416c8bf3c8bfbb1bb5e7b.csv,c44416c8bf3c8bfbb1bb5e7b
high,23,0,PERFECT-V1,raw/kaggle/perfect_high/f410f7064c081e00/dynamic_perfect_high/92b3f311fc209942d0033fcc.csv,92b3f311fc209942d0033fcc
high,11,9,PERFECT-V2,raw/kaggle/perfect_high/f410f7064c081e00/dynamic_perfect_high/d50f22d0c4b3305684fac03d.csv,d50f22d0c4b3305684fac03d
high,11,8,PERFECT-V2,raw/kaggle/perfect_high/f410f7064c081e00/dynamic_perfect_high/709e32eaedd17c9dfda84015.csv,709e32eaedd17c9dfda84015
high,23,3,PERFECT-V2,raw/kaggle/perfect_high/f410f7064c081e00/dynamic_perfect_high/c140f00c1fb21ba2635b25fb.csv,c140f00c1fb21ba2635b25fb
high,11,4,PERFECT-V2,raw/kaggle/perfect_high/f410f7064c081e00/dynamic_perfect_high/ad5cd0c9ba5df99771e59cdd.csv,ad5cd0c9ba5df99771e59cdd
high,53,7,PERFECT-V2,raw/kaggle/perfect_high/f410f7064c081e00/dynamic_perfect_high/cbd2f6806ffaa5d77d437fad.csv,cbd2f6806ffaa5d77d437fad
high,37,1,PERFECT-V1,raw/kaggle/perfect_high/f410f7064c081e00/dynamic_perfect_high/239e6667ba8f00a92d933e1a.csv,239e6667ba8f00a92d933e1a
high,23,3,PERFECT-V1,raw/kaggle/perfect_high/f410f7064c081e00/dynamic_perfect_high/0461f1f6a1e23b89816ce389.csv,0461f1f6a1e23b89816ce389
high,11,4,PERFECT-V1,raw/kaggle/perfect_high/f410f7064c081e00/dynamic_perfect_high/a1c67f5f4ce3d5059599dd02.csv,a1c67f5f4ce3d5059599dd02
high,11,0,PERFECT-V1,raw/kaggle/perfect_high/f410f7064c081e00/dynamic_perfect_high/53c106e5e908468fc9374fa0.csv,53c106e5e908468fc9374fa0
high,53,0,PERFECT-V2,raw/kaggle/perfect_high/f410f7064c081e00/dynamic_perfect_high/74421aa3ccb5518aef7a82de.csv,74421aa3ccb5518aef7a82de
high,53,0,PERFECT-V1,raw/kaggle/perfect_high/f410f7064c081e00/dynamic_perfect_high/89c0820879ec3db209f3a036.csv,89c0820879ec3db209f3a036
high,71,0,PERFECT-V2,raw/kaggle/perfect_high/f410f7064c081e00/dynamic_perfect_high/d59ba415d23721e8cafc12c4.csv,d59ba415d23721e8cafc12c4
high,71,1,PERFECT-V1,raw/kaggle/perfect_high/f410f7064c081e00/dynamic_perfect_high/1800d6ab2c56d6463db894a6.csv,1800d6ab2c56d6463db894a6
high,53,7,PERFECT-V1,raw/kaggle/perfect_high/f410f7064c081e00/dynamic_perfect_high/848256ce9bb1d2ed1bcca5b6.csv,848256ce9bb1d2ed1bcca5b6
high,23,4,PERFECT-V1,raw/kaggle/perfect_high/f410f7064c081e00/dynamic_perfect_high/546bbf841255090ff38b5883.csv,546bbf841255090ff38b5883
high,71,2,PERFECT-V2,raw/kaggle/perfect_high/f410f7064c081e00/dynamic_perfect_high/f02b00c7de930b7fa70ad07f.csv,f02b00c7de930b7fa70ad07f
high,71,0,PERFECT-V1,raw/kaggle/perfect_high/f410f7064c081e00/dynamic_perfect_high/ee749135eb1e461b17f766a5.csv,ee749135eb1e461b17f766a5
high,53,9,PERFECT-V2,raw/kaggle/perfect_high/f410f7064c081e00/dynamic_perfect_high/d13a4a6aa28e491306ca04b4.csv,d13a4a6aa28e491306ca04b4
high,11,1,PERFECT-V1,raw/kaggle/perfect_high/f410f7064c081e00/dynamic_perfect_high/2d05efd16ce5032c860d8201.csv,2d05efd16ce5032c860d8201
high,71,8,PERFECT-V2,raw/kaggle/perfect_high/f410f7064c081e00/dynamic_perfect_high/26214695b179f32bc78d6d87.csv,26214695b179f32bc78d6d87
high,37,1,PERFECT-V2,raw/kaggle/perfect_high/f410f7064c081e00/dynamic_perfect_high/4b4105416de90ff3423fe574.csv,4b4105416de90ff3423fe574
high,71,4,PERFECT-V1,raw/kaggle/perfect_high/f410f7064c081e00/dynamic_perfect_high/4137205955a500f905fa44ce.csv,4137205955a500f905fa44ce
high,23,6,PERFECT-V1,raw/kaggle/perfect_high/f410f7064c081e00/dynamic_perfect_high/f65e87b9abf9664a1574ba44.csv,f65e87b9abf9664a1574ba44
high,37,5,PERFECT-V2,raw/kaggle/perfect_high/f410f7064c081e00/dynamic_perfect_high/421853b24db53d5632c2e9bf.csv,421853b24db53d5632c2e9bf
high,71,4,PERFECT-V2,raw/kaggle/perfect_high/f410f7064c081e00/dynamic_perfect_high/fb940fb7cec701569b336bba.csv,fb940fb7cec701569b336bba
high,23,7,PERFECT-V2,raw/kaggle/perfect_high/f410f7064c081e00/dynamic_perfect_high/358c707e8f382a71e81411f8.csv,358c707e8f382a71e81411f8
high,53,9,PERFECT-V1,raw/kaggle/perfect_high/f410f7064c081e00/dynamic_perfect_high/8b956a179a0fce73a23a9e50.csv,8b956a179a0fce73a23a9e50
high,23,5,PERFECT-V1,raw/kaggle/perfect_high/f410f7064c081e00/dynamic_perfect_high/9e526d4e0298e4dfd9d2c82b.csv,9e526d4e0298e4dfd9d2c82b
high,37,8,PERFECT-V1,raw/kaggle/perfect_high/f410f7064c081e00/dynamic_perfect_high/cd8b592083f00132296bf982.csv,cd8b592083f00132296bf982
high,71,7,PERFECT-V1,raw/kaggle/perfect_high/f410f7064c081e00/dynamic_perfect_high/e6ba84030e2d0ec8d83fe78e.csv,e6ba84030e2d0ec8d83fe78e
high,11,5,PERFECT-V1,raw/kaggle/perfect_high/f410f7064c081e00/dynamic_perfect_high/e347d4eb2ad0b3b29adb14d6.csv,e347d4eb2ad0b3b29adb14d6
high,23,2,PERFECT-V1,raw/kaggle/perfect_high/f410f7064c081e00/dynamic_perfect_high/f4a5d5b7ddc03fb38b94f2a0.csv,f4a5d5b7ddc03fb38b94f2a0
high,37,7,PERFECT-V2,raw/kaggle/perfect_high/f410f7064c081e00/dynamic_perfect_high/f5937cb81fbb7ebc6df483b9.csv,f5937cb81fbb7ebc6df483b9
high,71,7,PERFECT-V2,raw/kaggle/perfect_high/f410f7064c081e00/dynamic_perfect_high/5300ce4503562409542dcf2d.csv,5300ce4503562409542dcf2d
high,11,3,PERFECT-V2,raw/kaggle/perfect_high/f410f7064c081e00/dynamic_perfect_high/f38a1e4ad13e5fad68ed0b54.csv,f38a1e4ad13e5fad68ed0b54
high,71,9,PERFECT-V1,raw/kaggle/perfect_high/f410f7064c081e00/dynamic_perfect_high/865f043d5d4760bd81ad77eb.csv,865f043d5d4760bd81ad77eb
zero,11,0,PERFECT-V1,raw/kaggle/perfect_zero/f410f7064c081e00/dynamic_perfect_zero/8b3849b0a2fab46c2a873b92.csv,8b3849b0a2fab46c2a873b92
zero,37,5,PERFECT-V2,raw/kaggle/perfect_zero/f410f7064c081e00/dynamic_perfect_zero/b6fc30870796bf55c95dc53d.csv,b6fc30870796bf55c95dc53d
zero,71,7,PERFECT-V2,raw/kaggle/perfect_zero/f410f7064c081e00/dynamic_perfect_zero/bd1d3f2632f19f2c5ab3041f.csv,bd1d3f2632f19f2c5ab3041f
zero,23,9,PERFECT-V1,raw/kaggle/perfect_zero/f410f7064c081e00/dynamic_perfect_zero/bcb3495a76eaccff7e3eaea9.csv,bcb3495a76eaccff7e3eaea9
zero,11,3,PERFECT-V2,raw/kaggle/perfect_zero/f410f7064c081e00/dynamic_perfect_zero/54bb40e1c97c8ff8ef105fbf.csv,54bb40e1c97c8ff8ef105fbf
zero,53,7,PERFECT-V1,raw/kaggle/perfect_zero/f410f7064c081e00/dynamic_perfect_zero/d6b1ec748fe423b5364d20d7.csv,d6b1ec748fe423b5364d20d7
zero,37,0,PERFECT-V1,raw/kaggle/perfect_zero/f410f7064c081e00/dynamic_perfect_zero/6e072ab507bd7df8350d9551.csv,6e072ab507bd7df8350d9551
zero,71,1,PERFECT-V1,raw/kaggle/perfect_zero/f410f7064c081e00/dynamic_perfect_zero/b8d7cb408c5d480aa6b1864f.csv,b8d7cb408c5d480aa6b1864f
zero,11,5,PERFECT-V2,raw/kaggle/perfect_zero/f410f7064c081e00/dynamic_perfect_zero/953d796f750fe6c7b02a68e8.csv,953d796f750fe6c7b02a68e8
zero,71,5,PERFECT-V1,raw/kaggle/perfect_zero/f410f7064c081e00/dynamic_perfect_zero/9fc42246a9e4b121c8e1d193.csv,9fc42246a9e4b121c8e1d193
zero,71,6,PERFECT-V1,raw/kaggle/perfect_zero/f410f7064c081e00/dynamic_perfect_zero/4b07ddeea2d80685053a1c5a.csv,4b07ddeea2d80685053a1c5a
zero,37,9,PERFECT-V2,raw/kaggle/perfect_zero/f410f7064c081e00/dynamic_perfect_zero/fe250a885430a5fb75a213ee.csv,fe250a885430a5fb75a213ee
zero,23,1,PERFECT-V1,raw/kaggle/perfect_zero/f410f7064c081e00/dynamic_perfect_zero/59b012ea5ca30520ba628084.csv,59b012ea5ca30520ba628084
zero,71,3,PERFECT-V1,raw/kaggle/perfect_zero/f410f7064c081e00/dynamic_perfect_zero/09d44787085915450d6765be.csv,09d44787085915450d6765be
zero,11,8,PERFECT-V2,raw/kaggle/perfect_zero/f410f7064c081e00/dynamic_perfect_zero/86b03a86fde077f288b78bb3.csv,86b03a86fde077f288b78bb3
zero,71,8,PERFECT-V2,raw/kaggle/perfect_zero/f410f7064c081e00/dynamic_perfect_zero/f7b338f6c4219bdcb486c700.csv,f7b338f6c4219bdcb486c700
zero,23,2,PERFECT-V2,raw/kaggle/perfect_zero/f410f7064c081e00/dynamic_perfect_zero/4b984e9b4a987f63d598eee4.csv,4b984e9b4a987f63d598eee4
zero,11,0,PERFECT-V2,raw/kaggle/perfect_zero/f410f7064c081e00/dynamic_perfect_zero/4ac1db474a5e8427e655860a.csv,4ac1db474a5e8427e655860a
zero,23,5,PERFECT-V1,raw/kaggle/perfect_zero/f410f7064c081e00/dynamic_perfect_zero/26c08ebb30bb5473923975ad.csv,26c08ebb30bb5473923975ad
zero,71,6,PERFECT-V2,raw/kaggle/perfect_zero/f410f7064c081e00/dynamic_perfect_zero/3554979dd502425280b824e9.csv,3554979dd502425280b824e9
zero,37,7,PERFECT-V1,raw/kaggle/perfect_zero/f410f7064c081e00/dynamic_perfect_zero/3df8751a804d827815969833.csv,3df8751a804d827815969833
zero,71,9,PERFECT-V2,raw/kaggle/perfect_zero/f410f7064c081e00/dynamic_perfect_zero/6d92d839d8133464d77927ae.csv,6d92d839d8133464d77927ae
zero,53,9,PERFECT-V1,raw/kaggle/perfect_zero/f410f7064c081e00/dynamic_perfect_zero/0134967929f63880d045e38b.csv,0134967929f63880d045e38b
zero,23,4,PERFECT-V1,raw/kaggle/perfect_zero/f410f7064c081e00/dynamic_perfect_zero/9f23c5d3a2e583b14f7e2699.csv,9f23c5d3a2e583b14f7e2699
zero,23,1,PERFECT-V2,raw/kaggle/perfect_zero/f410f7064c081e00/dynamic_perfect_zero/49a215382d5649427f9698a4.csv,49a215382d5649427f9698a4
zero,53,5,PERFECT-V1,raw/kaggle/perfect_zero/f410f7064c081e00/dynamic_perfect_zero/ed2b8eedff1747cad78f5149.csv,ed2b8eedff1747cad78f5149
zero,71,4,PERFECT-V1,raw/kaggle/perfect_zero/f410f7064c081e00/dynamic_perfect_zero/eec5b716fad8fedfcda70a83.csv,eec5b716fad8fedfcda70a83
zero,37,8,PERFECT-V2,raw/kaggle/perfect_zero/f410f7064c081e00/dynamic_perfect_zero/e1d76e617c969386193130f6.csv,e1d76e617c969386193130f6
zero,53,0,PERFECT-V1,raw/kaggle/perfect_zero/f410f7064c081e00/dynamic_perfect_zero/7fa5f921846e95e4274992e6.csv,7fa5f921846e95e4274992e6
zero,23,6,PERFECT-V2,raw/kaggle/perfect_zero/f410f7064c081e00/dynamic_perfect_zero/21d5328888ac86509a9b76dc.csv,21d5328888ac86509a9b76dc
zero,53,6,PERFECT-V1,raw/kaggle/perfect_zero/f410f7064c081e00/dynamic_perfect_zero/5d1817dc9c0903e5ab70c0fd.csv,5d1817dc9c0903e5ab70c0fd
zero,71,3,PERFECT-V2,raw/kaggle/perfect_zero/f410f7064c081e00/dynamic_perfect_zero/50e2d64e42762b240379a403.csv,50e2d64e42762b240379a403
zero,71,9,PERFECT-V1,raw/kaggle/perfect_zero/f410f7064c081e00/dynamic_perfect_zero/477cb5242a3934ffe10d10aa.csv,477cb5242a3934ffe10d10aa
zero,71,0,PERFECT-V1,raw/kaggle/perfect_zero/f410f7064c081e00/dynamic_perfect_zero/04497c39e6b05c9de1a7daf2.csv,04497c39e6b05c9de1a7daf2
zero,37,3,PERFECT-V2,raw/kaggle/perfect_zero/f410f7064c081e00/dynamic_perfect_zero/9f72c36d114c17216cc7a299.csv,9f72c36d114c17216cc7a299
zero,53,4,PERFECT-V2,raw/kaggle/perfect_zero/f410f7064c081e00/dynamic_perfect_zero/0e91723c387a736f0a173987.csv,0e91723c387a736f0a173987
zero,71,7,PERFECT-V1,raw/kaggle/perfect_zero/f410f7064c081e00/dynamic_perfect_zero/587912c42ba9203f2e969d49.csv,587912c42ba9203f2e969d49
zero,11,5,PERFECT-V1,raw/kaggle/perfect_zero/f410f7064c081e00/dynamic_perfect_zero/fedc7437418e6ef6f9256aa9.csv,fedc7437418e6ef6f9256aa9
zero,23,9,PERFECT-V2,raw/kaggle/perfect_zero/f410f7064c081e00/dynamic_perfect_zero/e857a7150cde383208d4c366.csv,e857a7150cde383208d4c366
zero,11,6,PERFECT-V2,raw/kaggle/perfect_zero/f410f7064c081e00/dynamic_perfect_zero/8ad4d8626164ac563e7304c2.csv,8ad4d8626164ac563e7304c2
zero,23,7,PERFECT-V1,raw/kaggle/perfect_zero/f410f7064c081e00/dynamic_perfect_zero/7d61c663ee3fbbd3303b942f.csv,7d61c663ee3fbbd3303b942f
zero,23,6,PERFECT-V1,raw/kaggle/perfect_zero/f410f7064c081e00/dynamic_perfect_zero/b717e6d23933ebb4558e00d1.csv,b717e6d23933ebb4558e00d1
zero,23,3,PERFECT-V1,raw/kaggle/perfect_zero/f410f7064c081e00/dynamic_perfect_zero/783be49cd2bb3d7e1f323e4c.csv,783be49cd2bb3d7e1f323e4c
zero,11,1,PERFECT-V1,raw/kaggle/perfect_zero/f410f7064c081e00/dynamic_perfect_zero/c67fb742faba6fa5c8a1373e.csv,c67fb742faba6fa5c8a1373e
zero,37,2,PERFECT-V1,raw/kaggle/perfect_zero/f410f7064c081e00/dynamic_perfect_zero/fbbf71aa05fc772e59ee1f4a.csv,fbbf71aa05fc772e59ee1f4a
zero,37,3,PERFECT-V1,raw/kaggle/perfect_zero/f410f7064c081e00/dynamic_perfect_zero/b529fae43e9c2f362004483e.csv,b529fae43e9c2f362004483e
zero,53,8,PERFECT-V1,raw/kaggle/perfect_zero/f410f7064c081e00/dynamic_perfect_zero/f99601bb8609c774f6d7ff9f.csv,f99601bb8609c774f6d7ff9f
zero,53,1,PERFECT-V1,raw/kaggle/perfect_zero/f410f7064c081e00/dynamic_perfect_zero/a77c58403d0f0711aadbbad7.csv,a77c58403d0f0711aadbbad7
zero,53,3,PERFECT-V1,raw/kaggle/perfect_zero/f410f7064c081e00/dynamic_perfect_zero/0d7c61f2ab57f83d3c3d2042.csv,0d7c61f2ab57f83d3c3d2042
zero,37,9,PERFECT-V1,raw/kaggle/perfect_zero/f410f7064c081e00/dynamic_perfect_zero/a5001e132148c30db5f343d3.csv,a5001e132148c30db5f343d3
zero,37,5,PERFECT-V1,raw/kaggle/perfect_zero/f410f7064c081e00/dynamic_perfect_zero/7723a1a4174ad74ca00c62c3.csv,7723a1a4174ad74ca00c62c3
zero,11,3,PERFECT-V1,raw/kaggle/perfect_zero/f410f7064c081e00/dynamic_perfect_zero/ca89c14163e319369d290265.csv,ca89c14163e319369d290265
zero,11,7,PERFECT-V1,raw/kaggle/perfect_zero/f410f7064c081e00/dynamic_perfect_zero/b2140d7c55e0736bf72aa792.csv,b2140d7c55e0736bf72aa792
zero,53,0,PERFECT-V2,raw/kaggle/perfect_zero/f410f7064c081e00/dynamic_perfect_zero/eb6bf1f5880e7f6563390301.csv,eb6bf1f5880e7f6563390301
zero,11,2,PERFECT-V1,raw/kaggle/perfect_zero/f410f7064c081e00/dynamic_perfect_zero/a470af8db1aeff8717bd7802.csv,a470af8db1aeff8717bd7802
zero,23,5,PERFECT-V2,raw/kaggle/perfect_zero/f410f7064c081e00/dynamic_perfect_zero/e8386edb9f56af11d20ff595.csv,e8386edb9f56af11d20ff595
zero,11,6,PERFECT-V1,raw/kaggle/perfect_zero/f410f7064c081e00/dynamic_perfect_zero/eec6a5c8969a5384b1187172.csv,eec6a5c8969a5384b1187172
zero,37,8,PERFECT-V1,raw/kaggle/perfect_zero/f410f7064c081e00/dynamic_perfect_zero/458dbb21ea7ba27992251cc2.csv,458dbb21ea7ba27992251cc2
zero,11,9,PERFECT-V1,raw/kaggle/perfect_zero/f410f7064c081e00/dynamic_perfect_zero/25e8f8784e4f51eff586c465.csv,25e8f8784e4f51eff586c465
zero,23,3,PERFECT-V2,raw/kaggle/perfect_zero/f410f7064c081e00/dynamic_perfect_zero/f04ad95c6eaf8222b015fa83.csv,f04ad95c6eaf8222b015fa83
zero,53,7,PERFECT-V2,raw/kaggle/perfect_zero/f410f7064c081e00/dynamic_perfect_zero/e1d1507633226c48f920579e.csv,e1d1507633226c48f920579e
zero,53,2,PERFECT-V2,raw/kaggle/perfect_zero/f410f7064c081e00/dynamic_perfect_zero/d93186a897a9e8d2b634e4b6.csv,d93186a897a9e8d2b634e4b6
zero,53,6,PERFECT-V2,raw/kaggle/perfect_zero/f410f7064c081e00/dynamic_perfect_zero/dd90de88eb706c74cfe8927c.csv,dd90de88eb706c74cfe8927c
zero,11,7,PERFECT-V2,raw/kaggle/perfect_zero/f410f7064c081e00/dynamic_perfect_zero/99d97f848a24f64728755d90.csv,99d97f848a24f64728755d90
zero,71,5,PERFECT-V2,raw/kaggle/perfect_zero/f410f7064c081e00/dynamic_perfect_zero/a60b59134218f2a3aa9257b7.csv,a60b59134218f2a3aa9257b7
zero,71,8,PERFECT-V1,raw/kaggle/perfect_zero/f410f7064c081e00/dynamic_perfect_zero/931db8c7a843d84ae5fd1cb0.csv,931db8c7a843d84ae5fd1cb0
zero,53,5,PERFECT-V2,raw/kaggle/perfect_zero/f410f7064c081e00/dynamic_perfect_zero/8de12e4411a38c004d64ff41.csv,8de12e4411a38c004d64ff41
zero,53,3,PERFECT-V2,raw/kaggle/perfect_zero/f410f7064c081e00/dynamic_perfect_zero/5cc072ad08e6d281b496a0a2.csv,5cc072ad08e6d281b496a0a2
zero,11,1,PERFECT-V2,raw/kaggle/perfect_zero/f410f7064c081e00/dynamic_perfect_zero/877185f1e3c656d7de728252.csv,877185f1e3c656d7de728252
zero,11,4,PERFECT-V2,raw/kaggle/perfect_zero/f410f7064c081e00/dynamic_perfect_zero/73b10c784f2062a437815eab.csv,73b10c784f2062a437815eab
zero,11,2,PERFECT-V2,raw/kaggle/perfect_zero/f410f7064c081e00/dynamic_perfect_zero/bffb3ae7a77170c5bd9ec48a.csv,bffb3ae7a77170c5bd9ec48a
zero,23,8,PERFECT-V1,raw/kaggle/perfect_zero/f410f7064c081e00/dynamic_perfect_zero/aad948feab07fee0c463f513.csv,aad948feab07fee0c463f513
zero,37,4,PERFECT-V1,raw/kaggle/perfect_zero/f410f7064c081e00/dynamic_perfect_zero/e8adc7c2b9c800f18ab55b0e.csv,e8adc7c2b9c800f18ab55b0e
zero,11,8,PERFECT-V1,raw/kaggle/perfect_zero/f410f7064c081e00/dynamic_perfect_zero/a2615cca4557880625be7b8f.csv,a2615cca4557880625be7b8f
zero,37,2,PERFECT-V2,raw/kaggle/perfect_zero/f410f7064c081e00/dynamic_perfect_zero/4ce497a0c0666a6634f1466e.csv,4ce497a0c0666a6634f1466e
zero,23,4,PERFECT-V2,raw/kaggle/perfect_zero/f410f7064c081e00/dynamic_perfect_zero/7efa9ba37a32d3018d5d624b.csv,7efa9ba37a32d3018d5d624b
zero,37,1,PERFECT-V2,raw/kaggle/perfect_zero/f410f7064c081e00/dynamic_perfect_zero/802a5ff4fc4aa7040dbf6da9.csv,802a5ff4fc4aa7040dbf6da9
zero,23,7,PERFECT-V2,raw/kaggle/perfect_zero/f410f7064c081e00/dynamic_perfect_zero/d8d6b867a72333a594cb48f5.csv,d8d6b867a72333a594cb48f5
zero,37,7,PERFECT-V2,raw/kaggle/perfect_zero/f410f7064c081e00/dynamic_perfect_zero/43f6f8e5a3d6e1cd3247cb5c.csv,43f6f8e5a3d6e1cd3247cb5c
zero,53,8,PERFECT-V2,raw/kaggle/perfect_zero/f410f7064c081e00/dynamic_perfect_zero/b438f6491a0f766f2d7e5338.csv,b438f6491a0f766f2d7e5338
zero,23,8,PERFECT-V2,raw/kaggle/perfect_zero/f410f7064c081e00/dynamic_perfect_zero/0e5492ec0659f65e0a9bfaca.csv,0e5492ec0659f65e0a9bfaca
zero,53,1,PERFECT-V2,raw/kaggle/perfect_zero/f410f7064c081e00/dynamic_perfect_zero/e40d1cc3c477b27baf7bce58.csv,e40d1cc3c477b27baf7bce58
zero,53,2,PERFECT-V1,raw/kaggle/perfect_zero/f410f7064c081e00/dynamic_perfect_zero/aeadefbd4f0928e52493b114.csv,aeadefbd4f0928e52493b114
zero,71,4,PERFECT-V2,raw/kaggle/perfect_zero/f410f7064c081e00/dynamic_perfect_zero/4829875bee08650a3d1d2878.csv,4829875bee08650a3d1d2878
zero,23,0,PERFECT-V2,raw/kaggle/perfect_zero/f410f7064c081e00/dynamic_perfect_zero/22414314c081f051be815385.csv,22414314c081f051be815385
zero,71,2,PERFECT-V1,raw/kaggle/perfect_zero/f410f7064c081e00/dynamic_perfect_zero/59114b0c4c80c32d7e503405.csv,59114b0c4c80c32d7e503405
zero,71,0,PERFECT-V2,raw/kaggle/perfect_zero/f410f7064c081e00/dynamic_perfect_zero/36bad02dca9bb6564cd5e409.csv,36bad02dca9bb6564cd5e409
zero,23,2,PERFECT-V1,raw/kaggle/perfect_zero/f410f7064c081e00/dynamic_perfect_zero/c70edd5008308acb01d0a247.csv,c70edd5008308acb01d0a247
zero,23,0,PERFECT-V1,raw/kaggle/perfect_zero/f410f7064c081e00/dynamic_perfect_zero/4815e7634bc34712570b9921.csv,4815e7634bc34712570b9921
zero,37,1,PERFECT-V1,raw/kaggle/perfect_zero/f410f7064c081e00/dynamic_perfect_zero/367814a933c1a4e12428872b.csv,367814a933c1a4e12428872b
zero,71,1,PERFECT-V2,raw/kaggle/perfect_zero/f410f7064c081e00/dynamic_perfect_zero/a5e88d64da7dd2606f510439.csv,a5e88d64da7dd2606f510439
zero,37,6,PERFECT-V2,raw/kaggle/perfect_zero/f410f7064c081e00/dynamic_perfect_zero/f11a1f47b542e451d28f9d79.csv,f11a1f47b542e451d28f9d79
zero,71,2,PERFECT-V2,raw/kaggle/perfect_zero/f410f7064c081e00/dynamic_perfect_zero/3d371c630c1a953262af1766.csv,3d371c630c1a953262af1766
zero,37,6,PERFECT-V1,raw/kaggle/perfect_zero/f410f7064c081e00/dynamic_perfect_zero/42a409107ab4d79f0cc09f78.csv,42a409107ab4d79f0cc09f78
zero,53,4,PERFECT-V1,raw/kaggle/perfect_zero/f410f7064c081e00/dynamic_perfect_zero/b8120af77c908f2cd2c597fb.csv,b8120af77c908f2cd2c597fb
zero,53,9,PERFECT-V2,raw/kaggle/perfect_zero/f410f7064c081e00/dynamic_perfect_zero/8507706e21372c7674bcb392.csv,8507706e21372c7674bcb392
zero,37,4,PERFECT-V2,raw/kaggle/perfect_zero/f410f7064c081e00/dynamic_perfect_zero/18a41f346afbb1cb65456704.csv,18a41f346afbb1cb65456704
zero,11,9,PERFECT-V2,raw/kaggle/perfect_zero/f410f7064c081e00/dynamic_perfect_zero/78354cd0cbf5c4812342f105.csv,78354cd0cbf5c4812342f105
zero,11,4,PERFECT-V1,raw/kaggle/perfect_zero/f410f7064c081e00/dynamic_perfect_zero/65b568d93e1588ff2d656caa.csv,65b568d93e1588ff2d656caa
zero,37,0,PERFECT-V2,raw/kaggle/perfect_zero/f410f7064c081e00/dynamic_perfect_zero/d7dd5bbd094493455dcfdc34.csv,d7dd5bbd094493455dcfdc34
borderline,23,9,PERFECT-V2,raw/kaggle/perfect_borderline/f410f7064c081e00/dynamic_perfect_borderline/183544b26d6fcc71c9415967.csv,183544b26d6fcc71c9415967
borderline,11,1,PERFECT-V1,raw/kaggle/perfect_borderline/f410f7064c081e00/dynamic_perfect_borderline/4b01f6a95357483bbe72c094.csv,4b01f6a95357483bbe72c094
borderline,23,6,PERFECT-V1,raw/kaggle/perfect_borderline/f410f7064c081e00/dynamic_perfect_borderline/f23cd787f319db4459fa9fe3.csv,f23cd787f319db4459fa9fe3
borderline,37,8,PERFECT-V2,raw/kaggle/perfect_borderline/f410f7064c081e00/dynamic_perfect_borderline/4be768ca2ac2480ff31e08d8.csv,4be768ca2ac2480ff31e08d8
borderline,53,7,PERFECT-V2,raw/kaggle/perfect_borderline/f410f7064c081e00/dynamic_perfect_borderline/9db7864ac5867c6b8f23c0ab.csv,9db7864ac5867c6b8f23c0ab
borderline,37,8,PERFECT-V1,raw/kaggle/perfect_borderline/f410f7064c081e00/dynamic_perfect_borderline/48aac80d5801a8686a728c9e.csv,48aac80d5801a8686a728c9e
borderline,71,3,PERFECT-V2,raw/kaggle/perfect_borderline/f410f7064c081e00/dynamic_perfect_borderline/26cb44fed3d105b32394c42f.csv,26cb44fed3d105b32394c42f
borderline,53,1,PERFECT-V2,raw/kaggle/perfect_borderline/f410f7064c081e00/dynamic_perfect_borderline/e0219e562294cfd7c3ac69c0.csv,e0219e562294cfd7c3ac69c0
borderline,53,3,PERFECT-V1,raw/kaggle/perfect_borderline/f410f7064c081e00/dynamic_perfect_borderline/3ffdb75fdddaa8eacad37159.csv,3ffdb75fdddaa8eacad37159
borderline,23,3,PERFECT-V2,raw/kaggle/perfect_borderline/f410f7064c081e00/dynamic_perfect_borderline/5d72fc6244dc567312be5452.csv,5d72fc6244dc567312be5452
borderline,53,2,PERFECT-V1,raw/kaggle/perfect_borderline/f410f7064c081e00/dynamic_perfect_borderline/82f3120dfc6469665bc87bb7.csv,82f3120dfc6469665bc87bb7
borderline,53,0,PERFECT-V1,raw/kaggle/perfect_borderline/f410f7064c081e00/dynamic_perfect_borderline/c17efba7fa492ad2eb9ed2ce.csv,c17efba7fa492ad2eb9ed2ce
borderline,11,6,PERFECT-V2,raw/kaggle/perfect_borderline/f410f7064c081e00/dynamic_perfect_borderline/38b3901001a1d50df71751d9.csv,38b3901001a1d50df71751d9
borderline,23,5,PERFECT-V2,raw/kaggle/perfect_borderline/f410f7064c081e00/dynamic_perfect_borderline/8c2556c2a64ff3b4a9e4b944.csv,8c2556c2a64ff3b4a9e4b944
borderline,37,7,PERFECT-V2,raw/kaggle/perfect_borderline/f410f7064c081e00/dynamic_perfect_borderline/15c1f0b56742aae8934f3079.csv,15c1f0b56742aae8934f3079
borderline,71,1,PERFECT-V2,raw/kaggle/perfect_borderline/f410f7064c081e00/dynamic_perfect_borderline/9baa762331292cfac5615b17.csv,9baa762331292cfac5615b17
borderline,37,9,PERFECT-V1,raw/kaggle/perfect_borderline/f410f7064c081e00/dynamic_perfect_borderline/e56650a9cd2eb1d72743fd08.csv,e56650a9cd2eb1d72743fd08
borderline,11,2,PERFECT-V1,raw/kaggle/perfect_borderline/f410f7064c081e00/dynamic_perfect_borderline/5c5be7b031c1660138280f4a.csv,5c5be7b031c1660138280f4a
borderline,37,9,PERFECT-V2,raw/kaggle/perfect_borderline/f410f7064c081e00/dynamic_perfect_borderline/7c95a48c4f0ef76c81e77713.csv,7c95a48c4f0ef76c81e77713
borderline,23,7,PERFECT-V2,raw/kaggle/perfect_borderline/f410f7064c081e00/dynamic_perfect_borderline/c54f850e9ce508372ad1ae25.csv,c54f850e9ce508372ad1ae25
borderline,11,1,PERFECT-V2,raw/kaggle/perfect_borderline/f410f7064c081e00/dynamic_perfect_borderline/452cdad6c79071102e899611.csv,452cdad6c79071102e899611
borderline,37,4,PERFECT-V2,raw/kaggle/perfect_borderline/f410f7064c081e00/dynamic_perfect_borderline/862e0d2ce07f3ad79a92952d.csv,862e0d2ce07f3ad79a92952d
borderline,53,9,PERFECT-V1,raw/kaggle/perfect_borderline/f410f7064c081e00/dynamic_perfect_borderline/f80f169fe76532382a3f66e2.csv,f80f169fe76532382a3f66e2
borderline,71,1,PERFECT-V1,raw/kaggle/perfect_borderline/f410f7064c081e00/dynamic_perfect_borderline/fd06f7dd75cb05d0924ee0ae.csv,fd06f7dd75cb05d0924ee0ae
borderline,11,0,PERFECT-V2,raw/kaggle/perfect_borderline/f410f7064c081e00/dynamic_perfect_borderline/ee6de09ee55016e691b56f43.csv,ee6de09ee55016e691b56f43
borderline,53,5,PERFECT-V1,raw/kaggle/perfect_borderline/f410f7064c081e00/dynamic_perfect_borderline/cffe825d57b8babd34461517.csv,cffe825d57b8babd34461517
borderline,11,3,PERFECT-V1,raw/kaggle/perfect_borderline/f410f7064c081e00/dynamic_perfect_borderline/11f5c5891446136da53c9524.csv,11f5c5891446136da53c9524
borderline,71,6,PERFECT-V2,raw/kaggle/perfect_borderline/f410f7064c081e00/dynamic_perfect_borderline/8a1d939ce07a86c341f3c464.csv,8a1d939ce07a86c341f3c464
borderline,37,3,PERFECT-V2,raw/kaggle/perfect_borderline/f410f7064c081e00/dynamic_perfect_borderline/d875c2cdd92a4a5077f00960.csv,d875c2cdd92a4a5077f00960
borderline,11,7,PERFECT-V2,raw/kaggle/perfect_borderline/f410f7064c081e00/dynamic_perfect_borderline/ce32515177155eb92203c872.csv,ce32515177155eb92203c872
borderline,53,8,PERFECT-V1,raw/kaggle/perfect_borderline/f410f7064c081e00/dynamic_perfect_borderline/c020c6db3343f633c86e57f1.csv,c020c6db3343f633c86e57f1
borderline,11,4,PERFECT-V1,raw/kaggle/perfect_borderline/f410f7064c081e00/dynamic_perfect_borderline/9490db6a8a8cb8779a4537fd.csv,9490db6a8a8cb8779a4537fd
borderline,53,6,PERFECT-V2,raw/kaggle/perfect_borderline/f410f7064c081e00/dynamic_perfect_borderline/32c24e05f038422dd2aa6708.csv,32c24e05f038422dd2aa6708
borderline,11,4,PERFECT-V2,raw/kaggle/perfect_borderline/f410f7064c081e00/dynamic_perfect_borderline/a6f7f67843e912d96a3000c7.csv,a6f7f67843e912d96a3000c7
borderline,53,3,PERFECT-V2,raw/kaggle/perfect_borderline/f410f7064c081e00/dynamic_perfect_borderline/74f7fe1a769d6563d01b0d86.csv,74f7fe1a769d6563d01b0d86
borderline,11,9,PERFECT-V1,raw/kaggle/perfect_borderline/f410f7064c081e00/dynamic_perfect_borderline/8da43b5673c11fc46f197f2f.csv,8da43b5673c11fc46f197f2f
borderline,71,9,PERFECT-V2,raw/kaggle/perfect_borderline/f410f7064c081e00/dynamic_perfect_borderline/b40ba5571e0472a6938be53d.csv,b40ba5571e0472a6938be53d
borderline,23,0,PERFECT-V2,raw/kaggle/perfect_borderline/f410f7064c081e00/dynamic_perfect_borderline/24242b524fcd0f52c2076d86.csv,24242b524fcd0f52c2076d86
borderline,11,8,PERFECT-V2,raw/kaggle/perfect_borderline/f410f7064c081e00/dynamic_perfect_borderline/7d18a18e831c276cf2c71a7b.csv,7d18a18e831c276cf2c71a7b
borderline,71,5,PERFECT-V1,raw/kaggle/perfect_borderline/f410f7064c081e00/dynamic_perfect_borderline/9bde0d6ba201e40463e8ef55.csv,9bde0d6ba201e40463e8ef55
borderline,23,5,PERFECT-V1,raw/kaggle/perfect_borderline/f410f7064c081e00/dynamic_perfect_borderline/c2170f485018abeb73cb111a.csv,c2170f485018abeb73cb111a
borderline,11,2,PERFECT-V2,raw/kaggle/perfect_borderline/f410f7064c081e00/dynamic_perfect_borderline/1d5fba657158b22bbbd0f051.csv,1d5fba657158b22bbbd0f051
borderline,37,2,PERFECT-V1,raw/kaggle/perfect_borderline/f410f7064c081e00/dynamic_perfect_borderline/c54ded7fe012a11303a42baf.csv,c54ded7fe012a11303a42baf
borderline,23,1,PERFECT-V2,raw/kaggle/perfect_borderline/f410f7064c081e00/dynamic_perfect_borderline/f09e9fffe3e5f2f25907692b.csv,f09e9fffe3e5f2f25907692b
borderline,53,8,PERFECT-V2,raw/kaggle/perfect_borderline/f410f7064c081e00/dynamic_perfect_borderline/ec60eed7553a144fa84044d5.csv,ec60eed7553a144fa84044d5
borderline,37,4,PERFECT-V1,raw/kaggle/perfect_borderline/f410f7064c081e00/dynamic_perfect_borderline/f23b6a5ee749e94239a09ada.csv,f23b6a5ee749e94239a09ada
borderline,37,3,PERFECT-V1,raw/kaggle/perfect_borderline/f410f7064c081e00/dynamic_perfect_borderline/8d6e5929c442292fe5e4b283.csv,8d6e5929c442292fe5e4b283
borderline,71,0,PERFECT-V1,raw/kaggle/perfect_borderline/f410f7064c081e00/dynamic_perfect_borderline/78c5c7df2fecd9a584d60091.csv,78c5c7df2fecd9a584d60091
borderline,37,6,PERFECT-V1,raw/kaggle/perfect_borderline/f410f7064c081e00/dynamic_perfect_borderline/98ed7c4c5cd33bd23aa2a3df.csv,98ed7c4c5cd33bd23aa2a3df
borderline,53,2,PERFECT-V2,raw/kaggle/perfect_borderline/f410f7064c081e00/dynamic_perfect_borderline/bf8284aa0a34c6ec1830f5ff.csv,bf8284aa0a34c6ec1830f5ff
borderline,11,3,PERFECT-V2,raw/kaggle/perfect_borderline/f410f7064c081e00/dynamic_perfect_borderline/3702476a814f2b90aca6a48a.csv,3702476a814f2b90aca6a48a
borderline,53,4,PERFECT-V2,raw/kaggle/perfect_borderline/f410f7064c081e00/dynamic_perfect_borderline/05dc34aa2f7f2a4daa2f4c6e.csv,05dc34aa2f7f2a4daa2f4c6e
borderline,11,8,PERFECT-V1,raw/kaggle/perfect_borderline/f410f7064c081e00/dynamic_perfect_borderline/98b7b9031878bcf11fe529f3.csv,98b7b9031878bcf11fe529f3
borderline,37,2,PERFECT-V2,raw/kaggle/perfect_borderline/f410f7064c081e00/dynamic_perfect_borderline/4df3b2f215fa439414e8c733.csv,4df3b2f215fa439414e8c733
borderline,11,5,PERFECT-V1,raw/kaggle/perfect_borderline/f410f7064c081e00/dynamic_perfect_borderline/e6bdcc2984d828c7c94b0b24.csv,e6bdcc2984d828c7c94b0b24
borderline,53,0,PERFECT-V2,raw/kaggle/perfect_borderline/f410f7064c081e00/dynamic_perfect_borderline/4014304b225754b2572c2b5d.csv,4014304b225754b2572c2b5d
borderline,11,6,PERFECT-V1,raw/kaggle/perfect_borderline/f410f7064c081e00/dynamic_perfect_borderline/72fa2bae453a8d924e1f0160.csv,72fa2bae453a8d924e1f0160
borderline,53,5,PERFECT-V2,raw/kaggle/perfect_borderline/f410f7064c081e00/dynamic_perfect_borderline/69e6a21414c56ffe7950a157.csv,69e6a21414c56ffe7950a157
borderline,71,4,PERFECT-V1,raw/kaggle/perfect_borderline/f410f7064c081e00/dynamic_perfect_borderline/79a45857fb644e49c5084b91.csv,79a45857fb644e49c5084b91
borderline,23,9,PERFECT-V1,raw/kaggle/perfect_borderline/f410f7064c081e00/dynamic_perfect_borderline/202b9bd4b8241ec948edf0b6.csv,202b9bd4b8241ec948edf0b6
borderline,71,3,PERFECT-V1,raw/kaggle/perfect_borderline/f410f7064c081e00/dynamic_perfect_borderline/e4623757eb9261886831be6d.csv,e4623757eb9261886831be6d
borderline,11,0,PERFECT-V1,raw/kaggle/perfect_borderline/f410f7064c081e00/dynamic_perfect_borderline/84ec1dc356529e74740a4669.csv,84ec1dc356529e74740a4669
borderline,71,9,PERFECT-V1,raw/kaggle/perfect_borderline/f410f7064c081e00/dynamic_perfect_borderline/c2aed9ca2d9f93876f9e2010.csv,c2aed9ca2d9f93876f9e2010
borderline,37,0,PERFECT-V2,raw/kaggle/perfect_borderline/f410f7064c081e00/dynamic_perfect_borderline/03e7a36a5fcbb949c3e45dd9.csv,03e7a36a5fcbb949c3e45dd9
borderline,71,5,PERFECT-V2,raw/kaggle/perfect_borderline/f410f7064c081e00/dynamic_perfect_borderline/e0c173f9e1ec8575e60b4aae.csv,e0c173f9e1ec8575e60b4aae
borderline,37,6,PERFECT-V2,raw/kaggle/perfect_borderline/f410f7064c081e00/dynamic_perfect_borderline/8899705a27cceb0a1f783189.csv,8899705a27cceb0a1f783189
borderline,23,8,PERFECT-V2,raw/kaggle/perfect_borderline/f410f7064c081e00/dynamic_perfect_borderline/78f09e56fbe1d4f303571906.csv,78f09e56fbe1d4f303571906
borderline,23,0,PERFECT-V1,raw/kaggle/perfect_borderline/f410f7064c081e00/dynamic_perfect_borderline/aac61dd8dd94af293af10468.csv,aac61dd8dd94af293af10468
borderline,71,0,PERFECT-V2,raw/kaggle/perfect_borderline/f410f7064c081e00/dynamic_perfect_borderline/dc53eef377dabc4488770687.csv,dc53eef377dabc4488770687
borderline,71,6,PERFECT-V1,raw/kaggle/perfect_borderline/f410f7064c081e00/dynamic_perfect_borderline/144de86454263eb1a076a683.csv,144de86454263eb1a076a683
borderline,11,7,PERFECT-V1,raw/kaggle/perfect_borderline/f410f7064c081e00/dynamic_perfect_borderline/4035f3490458bcb9e5769d7b.csv,4035f3490458bcb9e5769d7b
borderline,11,9,PERFECT-V2,raw/kaggle/perfect_borderline/f410f7064c081e00/dynamic_perfect_borderline/bcb03c2ba893dc501c57e982.csv,bcb03c2ba893dc501c57e982
borderline,53,6,PERFECT-V1,raw/kaggle/perfect_borderline/f410f7064c081e00/dynamic_perfect_borderline/a476c14dacd26da747950e31.csv,a476c14dacd26da747950e31
borderline,23,6,PERFECT-V2,raw/kaggle/perfect_borderline/f410f7064c081e00/dynamic_perfect_borderline/c3c647cd032477831853fe4d.csv,c3c647cd032477831853fe4d
borderline,71,4,PERFECT-V2,raw/kaggle/perfect_borderline/f410f7064c081e00/dynamic_perfect_borderline/40c6897f098729dddc3d372d.csv,40c6897f098729dddc3d372d
borderline,23,2,PERFECT-V1,raw/kaggle/perfect_borderline/f410f7064c081e00/dynamic_perfect_borderline/fb3ad2489be9de4fc5b141af.csv,fb3ad2489be9de4fc5b141af
borderline,23,7,PERFECT-V1,raw/kaggle/perfect_borderline/f410f7064c081e00/dynamic_perfect_borderline/005f63878309b253ab985ffb.csv,005f63878309b253ab985ffb
borderline,53,1,PERFECT-V1,raw/kaggle/perfect_borderline/f410f7064c081e00/dynamic_perfect_borderline/6e94557974c3b3391246c01c.csv,6e94557974c3b3391246c01c
borderline,23,2,PERFECT-V2,raw/kaggle/perfect_borderline/f410f7064c081e00/dynamic_perfect_borderline/e8f5ab468845ec698aa2f278.csv,e8f5ab468845ec698aa2f278
borderline,71,7,PERFECT-V2,raw/kaggle/perfect_borderline/f410f7064c081e00/dynamic_perfect_borderline/3fd2cdbbbe09ea558ef83121.csv,3fd2cdbbbe09ea558ef83121
borderline,37,5,PERFECT-V2,raw/kaggle/perfect_borderline/f410f7064c081e00/dynamic_perfect_borderline/5dfc216d2af36616cef7a243.csv,5dfc216d2af36616cef7a243
borderline,37,0,PERFECT-V1,raw/kaggle/perfect_borderline/f410f7064c081e00/dynamic_perfect_borderline/629893572c263c566ebfb56c.csv,629893572c263c566ebfb56c
borderline,23,4,PERFECT-V2,raw/kaggle/perfect_borderline/f410f7064c081e00/dynamic_perfect_borderline/f5535dbc28fa70ffd7b0de65.csv,f5535dbc28fa70ffd7b0de65
borderline,71,2,PERFECT-V1,raw/kaggle/perfect_borderline/f410f7064c081e00/dynamic_perfect_borderline/d02f15643a80d3a67f893ff8.csv,d02f15643a80d3a67f893ff8
borderline,53,9,PERFECT-V2,raw/kaggle/perfect_borderline/f410f7064c081e00/dynamic_perfect_borderline/6841fe8b7189bfdfccbe5d6f.csv,6841fe8b7189bfdfccbe5d6f
borderline,11,5,PERFECT-V2,raw/kaggle/perfect_borderline/f410f7064c081e00/dynamic_perfect_borderline/9e308f4ae0dcdf3e7f327309.csv,9e308f4ae0dcdf3e7f327309
borderline,53,4,PERFECT-V1,raw/kaggle/perfect_borderline/f410f7064c081e00/dynamic_perfect_borderline/cefbcc91d0e4a73e403c34c8.csv,cefbcc91d0e4a73e403c34c8
borderline,37,1,PERFECT-V1,raw/kaggle/perfect_borderline/f410f7064c081e00/dynamic_perfect_borderline/190e10b9d90b406f54062348.csv,190e10b9d90b406f54062348
borderline,23,4,PERFECT-V1,raw/kaggle/perfect_borderline/f410f7064c081e00/dynamic_perfect_borderline/d3679acfbf2b424e1d698b90.csv,d3679acfbf2b424e1d698b90
borderline,71,2,PERFECT-V2,raw/kaggle/perfect_borderline/f410f7064c081e00/dynamic_perfect_borderline/345b764425472c1efb4b84bd.csv,345b764425472c1efb4b84bd
borderline,71,7,PERFECT-V1,raw/kaggle/perfect_borderline/f410f7064c081e00/dynamic_perfect_borderline/38b46cfbbdd55f74c3a5208d.csv,38b46cfbbdd55f74c3a5208d
borderline,23,8,PERFECT-V1,raw/kaggle/perfect_borderline/f410f7064c081e00/dynamic_perfect_borderline/ebe73ab4d7aa62fcd3517adb.csv,ebe73ab4d7aa62fcd3517adb
borderline,23,1,PERFECT-V1,raw/kaggle/perfect_borderline/f410f7064c081e00/dynamic_perfect_borderline/80c38d77e9474b75d6144e43.csv,80c38d77e9474b75d6144e43
borderline,71,8,PERFECT-V2,raw/kaggle/perfect_borderline/f410f7064c081e00/dynamic_perfect_borderline/217718cffd25155d77c8ecb1.csv,217718cffd25155d77c8ecb1
borderline,53,7,PERFECT-V1,raw/kaggle/perfect_borderline/f410f7064c081e00/dynamic_perfect_borderline/571203a92d38808109f3b6f3.csv,571203a92d38808109f3b6f3
borderline,37,7,PERFECT-V1,raw/kaggle/perfect_borderline/f410f7064c081e00/dynamic_perfect_borderline/e487a06b92e4eed2a9e3353e.csv,e487a06b92e4eed2a9e3353e
borderline,71,8,PERFECT-V1,raw/kaggle/perfect_borderline/f410f7064c081e00/dynamic_perfect_borderline/aaf29524340f8bcd9ad55707.csv,aaf29524340f8bcd9ad55707
borderline,23,3,PERFECT-V1,raw/kaggle/perfect_borderline/f410f7064c081e00/dynamic_perfect_borderline/a08b294029af1256997bdb7d.csv,a08b294029af1256997bdb7d
borderline,37,1,PERFECT-V2,raw/kaggle/perfect_borderline/f410f7064c081e00/dynamic_perfect_borderline/250177f1c220a52c1ea9b941.csv,250177f1c220a52c1ea9b941
borderline,37,5,PERFECT-V1,raw/kaggle/perfect_borderline/f410f7064c081e00/dynamic_perfect_borderline/bb3490d7ea039373676c56e3.csv,bb3490d7ea039373676c56e3
borderline,53,3,ADAPT-V2,raw/kaggle/selected_borderline/f410f7064c081e00/dynamic_selected_borderline/83660d27c3ce6efd1b66b10c.csv,83660d27c3ce6efd1b66b10c
borderline,11,7,ADAPT-V1,raw/kaggle/selected_borderline/f410f7064c081e00/dynamic_selected_borderline/beefc77d664079d65c7c32e8.csv,beefc77d664079d65c7c32e8
borderline,23,9,ADAPT-V2,raw/kaggle/selected_borderline/f410f7064c081e00/dynamic_selected_borderline/96e5271615afce780fb0dc7c.csv,96e5271615afce780fb0dc7c
borderline,53,6,STATIC-REGIONAL,raw/kaggle/selected_borderline/f410f7064c081e00/dynamic_selected_borderline/e90a485a4eb495909904c0ee.csv,e90a485a4eb495909904c0ee
borderline,11,0,ADAPT-V2,raw/kaggle/selected_borderline/f410f7064c081e00/dynamic_selected_borderline/009c42d43b2d61075e47fbe5.csv,009c42d43b2d61075e47fbe5
borderline,37,1,ADAPT-V1,raw/kaggle/selected_borderline/f410f7064c081e00/dynamic_selected_borderline/5d53c6d7a3e5f76c966faf78.csv,5d53c6d7a3e5f76c966faf78
borderline,11,1,STATIC-REGIONAL,raw/kaggle/selected_borderline/f410f7064c081e00/dynamic_selected_borderline/0b532a2af6a3b7d93c5a0630.csv,0b532a2af6a3b7d93c5a0630
borderline,37,1,STATIC-REGIONAL,raw/kaggle/selected_borderline/f410f7064c081e00/dynamic_selected_borderline/d51d1d6f0c7c93d4aa4735e4.csv,d51d1d6f0c7c93d4aa4735e4
borderline,53,0,ADAPT-V2,raw/kaggle/selected_borderline/f410f7064c081e00/dynamic_selected_borderline/b8e7cb4f7822d9f4800dff7f.csv,b8e7cb4f7822d9f4800dff7f
borderline,23,5,ADAPT-V2,raw/kaggle/selected_borderline/f410f7064c081e00/dynamic_selected_borderline/34b77fd9e864a2cc61f4ffd9.csv,34b77fd9e864a2cc61f4ffd9
borderline,11,7,ADAPT-V2,raw/kaggle/selected_borderline/f410f7064c081e00/dynamic_selected_borderline/b6ea6b23804846d3e8ca9ecc.csv,b6ea6b23804846d3e8ca9ecc
borderline,71,7,STATIC-REGIONAL,raw/kaggle/selected_borderline/f410f7064c081e00/dynamic_selected_borderline/804c6f6cec84c686f7e8d722.csv,804c6f6cec84c686f7e8d722
borderline,11,6,STATIC-REGIONAL,raw/kaggle/selected_borderline/f410f7064c081e00/dynamic_selected_borderline/d952251c8d741cc1663c992b.csv,d952251c8d741cc1663c992b
borderline,71,4,ADAPT-V1,raw/kaggle/selected_borderline/f410f7064c081e00/dynamic_selected_borderline/f64bb4f9d9a67533d26a6f81.csv,f64bb4f9d9a67533d26a6f81
borderline,23,1,ADAPT-V1,raw/kaggle/selected_borderline/f410f7064c081e00/dynamic_selected_borderline/f81a55caa37db36279ae23a8.csv,f81a55caa37db36279ae23a8
borderline,53,8,ADAPT-V1,raw/kaggle/selected_borderline/f410f7064c081e00/dynamic_selected_borderline/df58fd3decfcb7edd46ec894.csv,df58fd3decfcb7edd46ec894
borderline,37,6,STATIC-REGIONAL,raw/kaggle/selected_borderline/f410f7064c081e00/dynamic_selected_borderline/1b9a9025efca52c22882cef3.csv,1b9a9025efca52c22882cef3
borderline,53,5,ADAPT-V2,raw/kaggle/selected_borderline/f410f7064c081e00/dynamic_selected_borderline/218025fb32da5465e06263f9.csv,218025fb32da5465e06263f9
borderline,11,8,ADAPT-V2,raw/kaggle/selected_borderline/f410f7064c081e00/dynamic_selected_borderline/051304119af7c7fe1b0bb29f.csv,051304119af7c7fe1b0bb29f
borderline,37,6,ADAPT-V1,raw/kaggle/selected_borderline/f410f7064c081e00/dynamic_selected_borderline/c6dcee4ff8eb5cd476d131ed.csv,c6dcee4ff8eb5cd476d131ed
borderline,53,2,STATIC-REGIONAL,raw/kaggle/selected_borderline/f410f7064c081e00/dynamic_selected_borderline/5f1fbb9cc13c4c09ef0d19e5.csv,5f1fbb9cc13c4c09ef0d19e5
borderline,11,9,ADAPT-V2,raw/kaggle/selected_borderline/f410f7064c081e00/dynamic_selected_borderline/996a23f7568fd215bbbe649c.csv,996a23f7568fd215bbbe649c
borderline,11,6,ADAPT-V1,raw/kaggle/selected_borderline/f410f7064c081e00/dynamic_selected_borderline/8570cfb78b50782e722be7e2.csv,8570cfb78b50782e722be7e2
borderline,23,0,STATIC-REGIONAL,raw/kaggle/selected_borderline/f410f7064c081e00/dynamic_selected_borderline/f1b42ed52b714c27667664af.csv,f1b42ed52b714c27667664af
borderline,37,2,ADAPT-V1,raw/kaggle/selected_borderline/f410f7064c081e00/dynamic_selected_borderline/70314c0d392055bdbe070811.csv,70314c0d392055bdbe070811
borderline,23,9,ADAPT-V1,raw/kaggle/selected_borderline/f410f7064c081e00/dynamic_selected_borderline/ab628b6da4afb509927bb9b5.csv,ab628b6da4afb509927bb9b5
borderline,53,3,STATIC-REGIONAL,raw/kaggle/selected_borderline/f410f7064c081e00/dynamic_selected_borderline/9078d4c8fd4038ff1ff28bfa.csv,9078d4c8fd4038ff1ff28bfa
borderline,37,8,ADAPT-V1,raw/kaggle/selected_borderline/f410f7064c081e00/dynamic_selected_borderline/ad88c82ae4e045ac2c476da2.csv,ad88c82ae4e045ac2c476da2
borderline,71,8,ADAPT-V1,raw/kaggle/selected_borderline/f410f7064c081e00/dynamic_selected_borderline/f2618c05571b57f8758ff16d.csv,f2618c05571b57f8758ff16d
borderline,71,6,STATIC-REGIONAL,raw/kaggle/selected_borderline/f410f7064c081e00/dynamic_selected_borderline/c6c92c8690c6f7ea95535584.csv,c6c92c8690c6f7ea95535584
borderline,11,0,STATIC-REGIONAL,raw/kaggle/selected_borderline/f410f7064c081e00/dynamic_selected_borderline/736beae32bf0bb9189dd026a.csv,736beae32bf0bb9189dd026a
borderline,23,7,ADAPT-V1,raw/kaggle/selected_borderline/f410f7064c081e00/dynamic_selected_borderline/be1d910fdbc7e0a65aea8277.csv,be1d910fdbc7e0a65aea8277
borderline,37,0,ADAPT-V2,raw/kaggle/selected_borderline/f410f7064c081e00/dynamic_selected_borderline/1e12702d5f17e2dbe8d53e49.csv,1e12702d5f17e2dbe8d53e49
borderline,23,3,STATIC-REGIONAL,raw/kaggle/selected_borderline/f410f7064c081e00/dynamic_selected_borderline/be97e78de638be3d8390a585.csv,be97e78de638be3d8390a585
borderline,53,6,ADAPT-V2,raw/kaggle/selected_borderline/f410f7064c081e00/dynamic_selected_borderline/82ad1c967230d6b4955d089c.csv,82ad1c967230d6b4955d089c
borderline,11,3,ADAPT-V2,raw/kaggle/selected_borderline/f410f7064c081e00/dynamic_selected_borderline/296bf49ffed8b4a1a95aadd9.csv,296bf49ffed8b4a1a95aadd9
borderline,23,1,STATIC-REGIONAL,raw/kaggle/selected_borderline/f410f7064c081e00/dynamic_selected_borderline/a8d05014d242e529c0ec2fea.csv,a8d05014d242e529c0ec2fea
borderline,11,5,STATIC-REGIONAL,raw/kaggle/selected_borderline/f410f7064c081e00/dynamic_selected_borderline/910cd43f191cd76c3759cf09.csv,910cd43f191cd76c3759cf09
borderline,37,3,ADAPT-V2,raw/kaggle/selected_borderline/f410f7064c081e00/dynamic_selected_borderline/f752d011897fc635c68a3443.csv,f752d011897fc635c68a3443
borderline,53,2,ADAPT-V1,raw/kaggle/selected_borderline/f410f7064c081e00/dynamic_selected_borderline/894372ddc948ab63816ed532.csv,894372ddc948ab63816ed532
borderline,23,2,ADAPT-V1,raw/kaggle/selected_borderline/f410f7064c081e00/dynamic_selected_borderline/4f8de8d41d5004f05e43fbeb.csv,4f8de8d41d5004f05e43fbeb
borderline,53,3,ADAPT-V1,raw/kaggle/selected_borderline/f410f7064c081e00/dynamic_selected_borderline/ed20d930b8eccf7060d3c9c6.csv,ed20d930b8eccf7060d3c9c6
borderline,53,1,STATIC-REGIONAL,raw/kaggle/selected_borderline/f410f7064c081e00/dynamic_selected_borderline/64d6d31878e8f0f912aabc93.csv,64d6d31878e8f0f912aabc93
borderline,23,6,ADAPT-V2,raw/kaggle/selected_borderline/f410f7064c081e00/dynamic_selected_borderline/92628e31b93e51f28f52b0cb.csv,92628e31b93e51f28f52b0cb
borderline,53,8,STATIC-REGIONAL,raw/kaggle/selected_borderline/f410f7064c081e00/dynamic_selected_borderline/77718229f18823266f7e519a.csv,77718229f18823266f7e519a
borderline,23,4,STATIC-REGIONAL,raw/kaggle/selected_borderline/f410f7064c081e00/dynamic_selected_borderline/810602a43d350597edf2129f.csv,810602a43d350597edf2129f
borderline,11,9,ADAPT-V1,raw/kaggle/selected_borderline/f410f7064c081e00/dynamic_selected_borderline/56fe3840953b5ba22f022d25.csv,56fe3840953b5ba22f022d25
borderline,37,4,STATIC-REGIONAL,raw/kaggle/selected_borderline/f410f7064c081e00/dynamic_selected_borderline/f98c9626fdd66cba7dfa3131.csv,f98c9626fdd66cba7dfa3131
borderline,37,0,STATIC-REGIONAL,raw/kaggle/selected_borderline/f410f7064c081e00/dynamic_selected_borderline/e9412651887d9fcb6c80a521.csv,e9412651887d9fcb6c80a521
borderline,11,7,STATIC-REGIONAL,raw/kaggle/selected_borderline/f410f7064c081e00/dynamic_selected_borderline/bcd8696f9d1ce571134c95ff.csv,bcd8696f9d1ce571134c95ff
borderline,53,0,ADAPT-V1,raw/kaggle/selected_borderline/f410f7064c081e00/dynamic_selected_borderline/486ad230f04a29ed7e08e0d6.csv,486ad230f04a29ed7e08e0d6
borderline,71,9,ADAPT-V1,raw/kaggle/selected_borderline/f410f7064c081e00/dynamic_selected_borderline/419b1b6e500c4310206a9588.csv,419b1b6e500c4310206a9588
borderline,71,3,ADAPT-V2,raw/kaggle/selected_borderline/f410f7064c081e00/dynamic_selected_borderline/185cc11f1ba4cab5ab6d2f6c.csv,185cc11f1ba4cab5ab6d2f6c
borderline,23,2,STATIC-REGIONAL,raw/kaggle/selected_borderline/f410f7064c081e00/dynamic_selected_borderline/0c95e5c8d6b8c05d45c486b5.csv,0c95e5c8d6b8c05d45c486b5
borderline,37,0,ADAPT-V1,raw/kaggle/selected_borderline/f410f7064c081e00/dynamic_selected_borderline/7b152442a43df71255b6a762.csv,7b152442a43df71255b6a762
borderline,53,9,ADAPT-V2,raw/kaggle/selected_borderline/f410f7064c081e00/dynamic_selected_borderline/5ea7b04971e8bd1bd8ef0fa7.csv,5ea7b04971e8bd1bd8ef0fa7
borderline,23,3,ADAPT-V2,raw/kaggle/selected_borderline/f410f7064c081e00/dynamic_selected_borderline/d63011627907ef4b10e89239.csv,d63011627907ef4b10e89239
borderline,71,2,STATIC-REGIONAL,raw/kaggle/selected_borderline/f410f7064c081e00/dynamic_selected_borderline/fb5ae9fef2f280d25ac8fbc0.csv,fb5ae9fef2f280d25ac8fbc0
borderline,53,1,ADAPT-V1,raw/kaggle/selected_borderline/f410f7064c081e00/dynamic_selected_borderline/0c6c6e3dee487ac8e1b824b3.csv,0c6c6e3dee487ac8e1b824b3
borderline,23,2,ADAPT-V2,raw/kaggle/selected_borderline/f410f7064c081e00/dynamic_selected_borderline/186ae85497ea5fd00c5516a2.csv,186ae85497ea5fd00c5516a2
borderline,23,8,ADAPT-V1,raw/kaggle/selected_borderline/f410f7064c081e00/dynamic_selected_borderline/6d74688c29e9a6fa644be061.csv,6d74688c29e9a6fa644be061
borderline,37,8,STATIC-REGIONAL,raw/kaggle/selected_borderline/f410f7064c081e00/dynamic_selected_borderline/88b7eeae0800b93215346883.csv,88b7eeae0800b93215346883
borderline,71,0,ADAPT-V1,raw/kaggle/selected_borderline/f410f7064c081e00/dynamic_selected_borderline/59d9ded0d4ba3b486599e8ba.csv,59d9ded0d4ba3b486599e8ba
borderline,37,9,ADAPT-V1,raw/kaggle/selected_borderline/f410f7064c081e00/dynamic_selected_borderline/aea6aa1f793fdf5e5f290992.csv,aea6aa1f793fdf5e5f290992
borderline,23,1,ADAPT-V2,raw/kaggle/selected_borderline/f410f7064c081e00/dynamic_selected_borderline/2cf59f822ff1baf23e30016f.csv,2cf59f822ff1baf23e30016f
borderline,23,9,STATIC-REGIONAL,raw/kaggle/selected_borderline/f410f7064c081e00/dynamic_selected_borderline/82dd8253f4ff0eada5d32dc7.csv,82dd8253f4ff0eada5d32dc7
borderline,11,4,STATIC-REGIONAL,raw/kaggle/selected_borderline/f410f7064c081e00/dynamic_selected_borderline/bdc2d48198f00047306bb0eb.csv,bdc2d48198f00047306bb0eb
borderline,53,2,ADAPT-V2,raw/kaggle/selected_borderline/f410f7064c081e00/dynamic_selected_borderline/e26ce6f9e4849228a4724135.csv,e26ce6f9e4849228a4724135
borderline,71,5,ADAPT-V1,raw/kaggle/selected_borderline/f410f7064c081e00/dynamic_selected_borderline/52cd430b2afd4bc5fcd908e5.csv,52cd430b2afd4bc5fcd908e5
borderline,71,8,ADAPT-V2,raw/kaggle/selected_borderline/f410f7064c081e00/dynamic_selected_borderline/083ed5ec2a7f1da8fe361104.csv,083ed5ec2a7f1da8fe361104
borderline,23,5,ADAPT-V1,raw/kaggle/selected_borderline/f410f7064c081e00/dynamic_selected_borderline/8cf6ae2be76981de7e83cf74.csv,8cf6ae2be76981de7e83cf74
borderline,53,9,ADAPT-V1,raw/kaggle/selected_borderline/f410f7064c081e00/dynamic_selected_borderline/216e84a30df5094311cb8698.csv,216e84a30df5094311cb8698
borderline,71,4,STATIC-REGIONAL,raw/kaggle/selected_borderline/f410f7064c081e00/dynamic_selected_borderline/08802e6a37a0ff6b8af4bdb5.csv,08802e6a37a0ff6b8af4bdb5
borderline,23,5,STATIC-REGIONAL,raw/kaggle/selected_borderline/f410f7064c081e00/dynamic_selected_borderline/c6b5dc025d577e46b5cbd1cf.csv,c6b5dc025d577e46b5cbd1cf
borderline,53,0,STATIC-REGIONAL,raw/kaggle/selected_borderline/f410f7064c081e00/dynamic_selected_borderline/9ef0d86c4afe2c2238751cb5.csv,9ef0d86c4afe2c2238751cb5
borderline,71,1,STATIC-REGIONAL,raw/kaggle/selected_borderline/f410f7064c081e00/dynamic_selected_borderline/f303c4d3e9c1d61931ab1a2a.csv,f303c4d3e9c1d61931ab1a2a
borderline,23,7,ADAPT-V2,raw/kaggle/selected_borderline/f410f7064c081e00/dynamic_selected_borderline/65429faaf1f08f976ac6e83f.csv,65429faaf1f08f976ac6e83f
borderline,71,5,ADAPT-V2,raw/kaggle/selected_borderline/f410f7064c081e00/dynamic_selected_borderline/b71f9c5f6796e127e7afb822.csv,b71f9c5f6796e127e7afb822
borderline,71,9,STATIC-REGIONAL,raw/kaggle/selected_borderline/f410f7064c081e00/dynamic_selected_borderline/16df44f9a00a870f11c91c4e.csv,16df44f9a00a870f11c91c4e
borderline,71,9,ADAPT-V2,raw/kaggle/selected_borderline/f410f7064c081e00/dynamic_selected_borderline/a26e282ee97c238f8f63f397.csv,a26e282ee97c238f8f63f397
borderline,11,1,ADAPT-V2,raw/kaggle/selected_borderline/f410f7064c081e00/dynamic_selected_borderline/27187afbafa69ec5a33d9de0.csv,27187afbafa69ec5a33d9de0
borderline,37,5,ADAPT-V1,raw/kaggle/selected_borderline/f410f7064c081e00/dynamic_selected_borderline/9906650cc9dfd24c55b6b23a.csv,9906650cc9dfd24c55b6b23a
borderline,53,4,ADAPT-V2,raw/kaggle/selected_borderline/f410f7064c081e00/dynamic_selected_borderline/eef5176496dab0655b1cbccb.csv,eef5176496dab0655b1cbccb
borderline,53,1,ADAPT-V2,raw/kaggle/selected_borderline/f410f7064c081e00/dynamic_selected_borderline/65240e2f624535b589f1fe0c.csv,65240e2f624535b589f1fe0c
borderline,71,1,ADAPT-V2,raw/kaggle/selected_borderline/f410f7064c081e00/dynamic_selected_borderline/7bab9bb5d939aa0da8f7af5a.csv,7bab9bb5d939aa0da8f7af5a
borderline,71,0,ADAPT-V2,raw/kaggle/selected_borderline/f410f7064c081e00/dynamic_selected_borderline/6505f9e3cf41b741ee5cc5ff.csv,6505f9e3cf41b741ee5cc5ff
borderline,71,3,ADAPT-V1,raw/kaggle/selected_borderline/f410f7064c081e00/dynamic_selected_borderline/fd564dc34a7eb8ec21b818e2.csv,fd564dc34a7eb8ec21b818e2
borderline,11,8,STATIC-REGIONAL,raw/kaggle/selected_borderline/f410f7064c081e00/dynamic_selected_borderline/5170ae84049fbfc06d61d3de.csv,5170ae84049fbfc06d61d3de
borderline,53,8,ADAPT-V2,raw/kaggle/selected_borderline/f410f7064c081e00/dynamic_selected_borderline/9f64d8153a98092309319b86.csv,9f64d8153a98092309319b86
borderline,71,0,STATIC-REGIONAL,raw/kaggle/selected_borderline/f410f7064c081e00/dynamic_selected_borderline/07c7383e3dc84272dcf3da82.csv,07c7383e3dc84272dcf3da82
borderline,53,9,STATIC-REGIONAL,raw/kaggle/selected_borderline/f410f7064c081e00/dynamic_selected_borderline/acc62649fecac656b7bc518d.csv,acc62649fecac656b7bc518d
borderline,23,6,STATIC-REGIONAL,raw/kaggle/selected_borderline/f410f7064c081e00/dynamic_selected_borderline/87b43ef6765be7efcb0419a9.csv,87b43ef6765be7efcb0419a9
borderline,23,6,ADAPT-V1,raw/kaggle/selected_borderline/f410f7064c081e00/dynamic_selected_borderline/80696c9f8866fcf926231484.csv,80696c9f8866fcf926231484
borderline,11,1,ADAPT-V1,raw/kaggle/selected_borderline/f410f7064c081e00/dynamic_selected_borderline/8ce09b771b04b8c16d95f7bf.csv,8ce09b771b04b8c16d95f7bf
borderline,53,7,STATIC-REGIONAL,raw/kaggle/selected_borderline/f410f7064c081e00/dynamic_selected_borderline/3eee05786e9de5f4d526277e.csv,3eee05786e9de5f4d526277e
borderline,11,0,ADAPT-V1,raw/kaggle/selected_borderline/f410f7064c081e00/dynamic_selected_borderline/771ad2af81203f7ee557a573.csv,771ad2af81203f7ee557a573
borderline,11,4,ADAPT-V1,raw/kaggle/selected_borderline/f410f7064c081e00/dynamic_selected_borderline/000d17feca83c44daa7328ba.csv,000d17feca83c44daa7328ba
borderline,23,8,ADAPT-V2,raw/kaggle/selected_borderline/f410f7064c081e00/dynamic_selected_borderline/b22730715508fd328d5402f5.csv,b22730715508fd328d5402f5
borderline,71,8,STATIC-REGIONAL,raw/kaggle/selected_borderline/f410f7064c081e00/dynamic_selected_borderline/0c2e92a3d43556fefab39dd3.csv,0c2e92a3d43556fefab39dd3
borderline,37,7,ADAPT-V2,raw/kaggle/selected_borderline/f410f7064c081e00/dynamic_selected_borderline/ad2590e03d3d824547c60389.csv,ad2590e03d3d824547c60389
borderline,11,8,ADAPT-V1,raw/kaggle/selected_borderline/f410f7064c081e00/dynamic_selected_borderline/a736007869d4f683772b1e90.csv,a736007869d4f683772b1e90
borderline,23,7,STATIC-REGIONAL,raw/kaggle/selected_borderline/f410f7064c081e00/dynamic_selected_borderline/b9cf3e4e319025755f8bcb40.csv,b9cf3e4e319025755f8bcb40
borderline,71,7,ADAPT-V1,raw/kaggle/selected_borderline/f410f7064c081e00/dynamic_selected_borderline/850b474b7a74c9c5af464529.csv,850b474b7a74c9c5af464529
borderline,37,3,ADAPT-V1,raw/kaggle/selected_borderline/f410f7064c081e00/dynamic_selected_borderline/96dd355a21ecce1e8dc7fc3c.csv,96dd355a21ecce1e8dc7fc3c
borderline,37,3,STATIC-REGIONAL,raw/kaggle/selected_borderline/f410f7064c081e00/dynamic_selected_borderline/d5a59ff8e7b1b721fc44153f.csv,d5a59ff8e7b1b721fc44153f
borderline,23,0,ADAPT-V2,raw/kaggle/selected_borderline/f410f7064c081e00/dynamic_selected_borderline/37c500ea8d3a566c5a781745.csv,37c500ea8d3a566c5a781745
borderline,53,5,STATIC-REGIONAL,raw/kaggle/selected_borderline/f410f7064c081e00/dynamic_selected_borderline/3510f6d3b3a5adf907601d34.csv,3510f6d3b3a5adf907601d34
borderline,11,2,ADAPT-V1,raw/kaggle/selected_borderline/f410f7064c081e00/dynamic_selected_borderline/7c1abbdb881be6ea00e907ce.csv,7c1abbdb881be6ea00e907ce
borderline,53,7,ADAPT-V2,raw/kaggle/selected_borderline/f410f7064c081e00/dynamic_selected_borderline/7695193fc29837d2c45b127f.csv,7695193fc29837d2c45b127f
borderline,53,5,ADAPT-V1,raw/kaggle/selected_borderline/f410f7064c081e00/dynamic_selected_borderline/47c1c1601ae137b56d55b38c.csv,47c1c1601ae137b56d55b38c
borderline,11,4,ADAPT-V2,raw/kaggle/selected_borderline/f410f7064c081e00/dynamic_selected_borderline/e76dadfe2173aebc0dc23e75.csv,e76dadfe2173aebc0dc23e75
borderline,23,0,ADAPT-V1,raw/kaggle/selected_borderline/f410f7064c081e00/dynamic_selected_borderline/bcab5793cbcecc768b9011a5.csv,bcab5793cbcecc768b9011a5
borderline,23,3,ADAPT-V1,raw/kaggle/selected_borderline/f410f7064c081e00/dynamic_selected_borderline/d1aeaca57f5fc32f5219edc3.csv,d1aeaca57f5fc32f5219edc3
borderline,71,4,ADAPT-V2,raw/kaggle/selected_borderline/f410f7064c081e00/dynamic_selected_borderline/76059955c314b38ef6750621.csv,76059955c314b38ef6750621
borderline,11,2,STATIC-REGIONAL,raw/kaggle/selected_borderline/f410f7064c081e00/dynamic_selected_borderline/daed1433bf87b8fe87c57e93.csv,daed1433bf87b8fe87c57e93
borderline,37,4,ADAPT-V2,raw/kaggle/selected_borderline/f410f7064c081e00/dynamic_selected_borderline/beb5df508e3c431cef7d76bd.csv,beb5df508e3c431cef7d76bd
borderline,11,5,ADAPT-V1,raw/kaggle/selected_borderline/f410f7064c081e00/dynamic_selected_borderline/f7f2d2fa54098564cffb9d59.csv,f7f2d2fa54098564cffb9d59
borderline,11,3,STATIC-REGIONAL,raw/kaggle/selected_borderline/f410f7064c081e00/dynamic_selected_borderline/f1e275ae34e1810be3dc58a9.csv,f1e275ae34e1810be3dc58a9
borderline,37,6,ADAPT-V2,raw/kaggle/selected_borderline/f410f7064c081e00/dynamic_selected_borderline/c78dd2c86674a42428f01f02.csv,c78dd2c86674a42428f01f02
borderline,23,8,STATIC-REGIONAL,raw/kaggle/selected_borderline/f410f7064c081e00/dynamic_selected_borderline/6f6e626b09caa4168d97a7f0.csv,6f6e626b09caa4168d97a7f0
borderline,37,1,ADAPT-V2,raw/kaggle/selected_borderline/f410f7064c081e00/dynamic_selected_borderline/fc79d0d936c0fc0553076f5e.csv,fc79d0d936c0fc0553076f5e
borderline,53,6,ADAPT-V1,raw/kaggle/selected_borderline/f410f7064c081e00/dynamic_selected_borderline/7e921124b30d89d8eacb3bb2.csv,7e921124b30d89d8eacb3bb2
borderline,71,3,STATIC-REGIONAL,raw/kaggle/selected_borderline/f410f7064c081e00/dynamic_selected_borderline/ca291093cc9298f41cce0ee6.csv,ca291093cc9298f41cce0ee6
borderline,71,2,ADAPT-V1,raw/kaggle/selected_borderline/f410f7064c081e00/dynamic_selected_borderline/6d98e2b15e4e57a7a84ec80a.csv,6d98e2b15e4e57a7a84ec80a
borderline,37,9,ADAPT-V2,raw/kaggle/selected_borderline/f410f7064c081e00/dynamic_selected_borderline/9b0ae7ca0912b377a19f278d.csv,9b0ae7ca0912b377a19f278d
borderline,11,6,ADAPT-V2,raw/kaggle/selected_borderline/f410f7064c081e00/dynamic_selected_borderline/44c93d78e84e65faae917e8c.csv,44c93d78e84e65faae917e8c
borderline,11,3,ADAPT-V1,raw/kaggle/selected_borderline/f410f7064c081e00/dynamic_selected_borderline/abb8e0f26364ac3ed9f67e8d.csv,abb8e0f26364ac3ed9f67e8d
borderline,71,6,ADAPT-V1,raw/kaggle/selected_borderline/f410f7064c081e00/dynamic_selected_borderline/4e3b5b41263349106d9e738b.csv,4e3b5b41263349106d9e738b
borderline,53,4,ADAPT-V1,raw/kaggle/selected_borderline/f410f7064c081e00/dynamic_selected_borderline/926ec12896c8880baf2a8dd3.csv,926ec12896c8880baf2a8dd3
borderline,37,2,STATIC-REGIONAL,raw/kaggle/selected_borderline/f410f7064c081e00/dynamic_selected_borderline/213d22e4cb0adf515f30379d.csv,213d22e4cb0adf515f30379d
borderline,11,9,STATIC-REGIONAL,raw/kaggle/selected_borderline/f410f7064c081e00/dynamic_selected_borderline/a57b97d1c71e2997219f7759.csv,a57b97d1c71e2997219f7759
borderline,37,9,STATIC-REGIONAL,raw/kaggle/selected_borderline/f410f7064c081e00/dynamic_selected_borderline/d28aafe04ecdfc7c30b6d9c8.csv,d28aafe04ecdfc7c30b6d9c8
borderline,37,7,ADAPT-V1,raw/kaggle/selected_borderline/f410f7064c081e00/dynamic_selected_borderline/d7a442786b4994a1d54154fd.csv,d7a442786b4994a1d54154fd
borderline,11,2,ADAPT-V2,raw/kaggle/selected_borderline/f410f7064c081e00/dynamic_selected_borderline/3303987069c2733d5de2c9a2.csv,3303987069c2733d5de2c9a2
borderline,23,4,ADAPT-V2,raw/kaggle/selected_borderline/f410f7064c081e00/dynamic_selected_borderline/1b8e00b060c70d40218dad4d.csv,1b8e00b060c70d40218dad4d
borderline,37,4,ADAPT-V1,raw/kaggle/selected_borderline/f410f7064c081e00/dynamic_selected_borderline/cc60095f8f37824a89d5b73c.csv,cc60095f8f37824a89d5b73c
borderline,23,4,ADAPT-V1,raw/kaggle/selected_borderline/f410f7064c081e00/dynamic_selected_borderline/33ab7c90c7891554856478d6.csv,33ab7c90c7891554856478d6
borderline,11,5,ADAPT-V2,raw/kaggle/selected_borderline/f410f7064c081e00/dynamic_selected_borderline/173c5ceb9f7775bf5c15e81e.csv,173c5ceb9f7775bf5c15e81e
borderline,71,7,ADAPT-V2,raw/kaggle/selected_borderline/f410f7064c081e00/dynamic_selected_borderline/c774aaf40ada11ef3d9cb639.csv,c774aaf40ada11ef3d9cb639
borderline,37,2,ADAPT-V2,raw/kaggle/selected_borderline/f410f7064c081e00/dynamic_selected_borderline/94496a85534df8a65b55603b.csv,94496a85534df8a65b55603b
borderline,71,5,STATIC-REGIONAL,raw/kaggle/selected_borderline/f410f7064c081e00/dynamic_selected_borderline/58be03ca719bad4fda248dca.csv,58be03ca719bad4fda248dca
borderline,53,7,ADAPT-V1,raw/kaggle/selected_borderline/f410f7064c081e00/dynamic_selected_borderline/48638912fd9463fefd91a372.csv,48638912fd9463fefd91a372
borderline,53,4,STATIC-REGIONAL,raw/kaggle/selected_borderline/f410f7064c081e00/dynamic_selected_borderline/7aedc92a527dc50a37a21e4b.csv,7aedc92a527dc50a37a21e4b
borderline,37,5,STATIC-REGIONAL,raw/kaggle/selected_borderline/f410f7064c081e00/dynamic_selected_borderline/76daefde21d8d4cdace4d24a.csv,76daefde21d8d4cdace4d24a
borderline,37,8,ADAPT-V2,raw/kaggle/selected_borderline/f410f7064c081e00/dynamic_selected_borderline/7a0c7672c05fabd49ab1ce7a.csv,7a0c7672c05fabd49ab1ce7a
borderline,71,1,ADAPT-V1,raw/kaggle/selected_borderline/f410f7064c081e00/dynamic_selected_borderline/734398198dc4970c8ff8611a.csv,734398198dc4970c8ff8611a
borderline,37,7,STATIC-REGIONAL,raw/kaggle/selected_borderline/f410f7064c081e00/dynamic_selected_borderline/87fe32738cfd94481ce901a8.csv,87fe32738cfd94481ce901a8
borderline,71,6,ADAPT-V2,raw/kaggle/selected_borderline/f410f7064c081e00/dynamic_selected_borderline/2686e46d394ab1dc366d0f13.csv,2686e46d394ab1dc366d0f13
borderline,71,2,ADAPT-V2,raw/kaggle/selected_borderline/f410f7064c081e00/dynamic_selected_borderline/4d657aaded0c76ddf6314cc1.csv,4d657aaded0c76ddf6314cc1
borderline,37,5,ADAPT-V2,raw/kaggle/selected_borderline/f410f7064c081e00/dynamic_selected_borderline/76dd96d004e4dc68d8aa49b8.csv,76dd96d004e4dc68d8aa49b8
zero,37,4,ADAPT-V1,raw/kaggle/selected_zero/f410f7064c081e00/dynamic_selected_zero/239a39aa89d2e0fb87058705.csv,239a39aa89d2e0fb87058705
zero,23,9,ADAPT-V2,raw/kaggle/selected_zero/f410f7064c081e00/dynamic_selected_zero/9a2e91a348bdd6525f0014a3.csv,9a2e91a348bdd6525f0014a3
zero,23,8,ADAPT-V2,raw/kaggle/selected_zero/f410f7064c081e00/dynamic_selected_zero/c5cec2aafe7dbf60d602d8b1.csv,c5cec2aafe7dbf60d602d8b1
zero,71,2,ADAPT-V1,raw/kaggle/selected_zero/f410f7064c081e00/dynamic_selected_zero/478341044bf305707373f647.csv,478341044bf305707373f647
zero,53,2,ADAPT-V2,raw/kaggle/selected_zero/f410f7064c081e00/dynamic_selected_zero/1097dab6f50dbe6d064a08bb.csv,1097dab6f50dbe6d064a08bb
zero,71,0,ADAPT-V2,raw/kaggle/selected_zero/f410f7064c081e00/dynamic_selected_zero/7377365fb01f4ca864fb7c69.csv,7377365fb01f4ca864fb7c69
zero,71,0,ADAPT-V1,raw/kaggle/selected_zero/f410f7064c081e00/dynamic_selected_zero/f0733b95a5f2885b9ebf940f.csv,f0733b95a5f2885b9ebf940f
zero,11,8,ADAPT-V1,raw/kaggle/selected_zero/f410f7064c081e00/dynamic_selected_zero/2c1bdcb36a8db37e05a57d13.csv,2c1bdcb36a8db37e05a57d13
zero,11,8,ADAPT-V2,raw/kaggle/selected_zero/f410f7064c081e00/dynamic_selected_zero/4acfe16d6fc2f426135a6c08.csv,4acfe16d6fc2f426135a6c08
zero,11,6,ADAPT-V1,raw/kaggle/selected_zero/f410f7064c081e00/dynamic_selected_zero/4eb31a0ad7de3b097ec3926f.csv,4eb31a0ad7de3b097ec3926f
zero,11,2,STATIC-REGIONAL,raw/kaggle/selected_zero/f410f7064c081e00/dynamic_selected_zero/2da90849e285f0948d5aeef5.csv,2da90849e285f0948d5aeef5
zero,71,5,ADAPT-V1,raw/kaggle/selected_zero/f410f7064c081e00/dynamic_selected_zero/9194a45d86bbfe84f4f0c665.csv,9194a45d86bbfe84f4f0c665
zero,11,3,ADAPT-V1,raw/kaggle/selected_zero/f410f7064c081e00/dynamic_selected_zero/e131cfa56ec7b68ab53fabef.csv,e131cfa56ec7b68ab53fabef
zero,71,5,ADAPT-V2,raw/kaggle/selected_zero/f410f7064c081e00/dynamic_selected_zero/4cf4d6d3f3b176dafa60832b.csv,4cf4d6d3f3b176dafa60832b
zero,71,7,ADAPT-V1,raw/kaggle/selected_zero/f410f7064c081e00/dynamic_selected_zero/c7e952c848f2f2fa12946aa3.csv,c7e952c848f2f2fa12946aa3
zero,37,5,ADAPT-V2,raw/kaggle/selected_zero/f410f7064c081e00/dynamic_selected_zero/60fcefead640a6424fc8800e.csv,60fcefead640a6424fc8800e
zero,71,3,ADAPT-V1,raw/kaggle/selected_zero/f410f7064c081e00/dynamic_selected_zero/6b302e4325880cc997f0622e.csv,6b302e4325880cc997f0622e
zero,23,3,STATIC-REGIONAL,raw/kaggle/selected_zero/f410f7064c081e00/dynamic_selected_zero/105545fa68e8483ca58c3469.csv,105545fa68e8483ca58c3469
zero,53,5,ADAPT-V1,raw/kaggle/selected_zero/f410f7064c081e00/dynamic_selected_zero/2792611dd9a4e6c3d465b610.csv,2792611dd9a4e6c3d465b610
zero,53,8,ADAPT-V1,raw/kaggle/selected_zero/f410f7064c081e00/dynamic_selected_zero/ba6f1489f4701cdb3d10c571.csv,ba6f1489f4701cdb3d10c571
zero,71,9,ADAPT-V1,raw/kaggle/selected_zero/f410f7064c081e00/dynamic_selected_zero/7df703f650d044f115c742cd.csv,7df703f650d044f115c742cd
zero,53,1,STATIC-REGIONAL,raw/kaggle/selected_zero/f410f7064c081e00/dynamic_selected_zero/d2344d7707681497b0c26243.csv,d2344d7707681497b0c26243
zero,71,7,ADAPT-V2,raw/kaggle/selected_zero/f410f7064c081e00/dynamic_selected_zero/6a8d8d1c233f5e79905228ae.csv,6a8d8d1c233f5e79905228ae
zero,37,4,ADAPT-V2,raw/kaggle/selected_zero/f410f7064c081e00/dynamic_selected_zero/25e68c296c55d0121e75ea20.csv,25e68c296c55d0121e75ea20
zero,37,4,STATIC-REGIONAL,raw/kaggle/selected_zero/f410f7064c081e00/dynamic_selected_zero/68180bb6c592cd65a14ecde2.csv,68180bb6c592cd65a14ecde2
zero,11,4,ADAPT-V1,raw/kaggle/selected_zero/f410f7064c081e00/dynamic_selected_zero/059b944a3a44a374062cae8d.csv,059b944a3a44a374062cae8d
zero,23,0,STATIC-REGIONAL,raw/kaggle/selected_zero/f410f7064c081e00/dynamic_selected_zero/442fbf7c6af683290fef9cef.csv,442fbf7c6af683290fef9cef
zero,71,1,ADAPT-V1,raw/kaggle/selected_zero/f410f7064c081e00/dynamic_selected_zero/951db51c7b813652d75c74e9.csv,951db51c7b813652d75c74e9
zero,53,6,ADAPT-V2,raw/kaggle/selected_zero/f410f7064c081e00/dynamic_selected_zero/35773f9962bca9e35ac3dfa7.csv,35773f9962bca9e35ac3dfa7
zero,53,6,STATIC-REGIONAL,raw/kaggle/selected_zero/f410f7064c081e00/dynamic_selected_zero/d166dda8cbdb516693cac6b6.csv,d166dda8cbdb516693cac6b6
zero,37,0,ADAPT-V1,raw/kaggle/selected_zero/f410f7064c081e00/dynamic_selected_zero/02368f4024cb6f623aaa4840.csv,02368f4024cb6f623aaa4840
zero,53,0,ADAPT-V2,raw/kaggle/selected_zero/f410f7064c081e00/dynamic_selected_zero/8951a083735d7287f82422a4.csv,8951a083735d7287f82422a4
zero,71,0,STATIC-REGIONAL,raw/kaggle/selected_zero/f410f7064c081e00/dynamic_selected_zero/36287299a12a9a56cc0ba893.csv,36287299a12a9a56cc0ba893
zero,71,1,STATIC-REGIONAL,raw/kaggle/selected_zero/f410f7064c081e00/dynamic_selected_zero/efa9ca2b2d75e7776d419a0b.csv,efa9ca2b2d75e7776d419a0b
zero,37,9,STATIC-REGIONAL,raw/kaggle/selected_zero/f410f7064c081e00/dynamic_selected_zero/bf5c03ac31beba1240d4600d.csv,bf5c03ac31beba1240d4600d
zero,71,4,ADAPT-V1,raw/kaggle/selected_zero/f410f7064c081e00/dynamic_selected_zero/ec0d3819758d530ae0ae0115.csv,ec0d3819758d530ae0ae0115
zero,71,4,STATIC-REGIONAL,raw/kaggle/selected_zero/f410f7064c081e00/dynamic_selected_zero/b08ee9fff67ea1c893c4b1ff.csv,b08ee9fff67ea1c893c4b1ff
zero,71,6,ADAPT-V2,raw/kaggle/selected_zero/f410f7064c081e00/dynamic_selected_zero/dd9df1d91102b00dfcb12c06.csv,dd9df1d91102b00dfcb12c06
zero,71,1,ADAPT-V2,raw/kaggle/selected_zero/f410f7064c081e00/dynamic_selected_zero/ff7b5690f54c0b96bb5a4a9e.csv,ff7b5690f54c0b96bb5a4a9e
zero,37,3,STATIC-REGIONAL,raw/kaggle/selected_zero/f410f7064c081e00/dynamic_selected_zero/ac9f43a0ff63991384e7e7f0.csv,ac9f43a0ff63991384e7e7f0
zero,53,0,ADAPT-V1,raw/kaggle/selected_zero/f410f7064c081e00/dynamic_selected_zero/65ab3774af3a3fbd84a20cba.csv,65ab3774af3a3fbd84a20cba
zero,37,8,ADAPT-V1,raw/kaggle/selected_zero/f410f7064c081e00/dynamic_selected_zero/568052a4da60996b4b2b9394.csv,568052a4da60996b4b2b9394
zero,37,7,ADAPT-V2,raw/kaggle/selected_zero/f410f7064c081e00/dynamic_selected_zero/ebe9378f09f46c0d0f4bb527.csv,ebe9378f09f46c0d0f4bb527
zero,23,6,ADAPT-V1,raw/kaggle/selected_zero/f410f7064c081e00/dynamic_selected_zero/13cd124afdebacabaee5905b.csv,13cd124afdebacabaee5905b
zero,23,8,STATIC-REGIONAL,raw/kaggle/selected_zero/f410f7064c081e00/dynamic_selected_zero/afb4dc58b13a22bf4a431fab.csv,afb4dc58b13a22bf4a431fab
zero,23,2,ADAPT-V1,raw/kaggle/selected_zero/f410f7064c081e00/dynamic_selected_zero/d43102c86e55c6b3e0e096b3.csv,d43102c86e55c6b3e0e096b3
zero,23,1,ADAPT-V1,raw/kaggle/selected_zero/f410f7064c081e00/dynamic_selected_zero/8ba96f748ab046b529326e6d.csv,8ba96f748ab046b529326e6d
zero,71,6,ADAPT-V1,raw/kaggle/selected_zero/f410f7064c081e00/dynamic_selected_zero/2ec384e1248152b9877d5174.csv,2ec384e1248152b9877d5174
zero,23,1,STATIC-REGIONAL,raw/kaggle/selected_zero/f410f7064c081e00/dynamic_selected_zero/9be63fc98d26791f20a67b0f.csv,9be63fc98d26791f20a67b0f
zero,71,9,STATIC-REGIONAL,raw/kaggle/selected_zero/f410f7064c081e00/dynamic_selected_zero/001e97ad801b5e76c09e17b3.csv,001e97ad801b5e76c09e17b3
zero,53,6,ADAPT-V1,raw/kaggle/selected_zero/f410f7064c081e00/dynamic_selected_zero/67acc9c31f5c4ba9b3e97689.csv,67acc9c31f5c4ba9b3e97689
zero,71,9,ADAPT-V2,raw/kaggle/selected_zero/f410f7064c081e00/dynamic_selected_zero/3129529859a33601fbce1939.csv,3129529859a33601fbce1939
zero,11,5,ADAPT-V2,raw/kaggle/selected_zero/f410f7064c081e00/dynamic_selected_zero/fdf942e86fcf50c00896a5fb.csv,fdf942e86fcf50c00896a5fb
zero,37,9,ADAPT-V2,raw/kaggle/selected_zero/f410f7064c081e00/dynamic_selected_zero/c707743a6afbbdb4a64adfae.csv,c707743a6afbbdb4a64adfae
zero,53,0,STATIC-REGIONAL,raw/kaggle/selected_zero/f410f7064c081e00/dynamic_selected_zero/d6bc63c70df23bede6296224.csv,d6bc63c70df23bede6296224
zero,23,0,ADAPT-V2,raw/kaggle/selected_zero/f410f7064c081e00/dynamic_selected_zero/540aeeed49aa4743e36ddc02.csv,540aeeed49aa4743e36ddc02
zero,11,5,ADAPT-V1,raw/kaggle/selected_zero/f410f7064c081e00/dynamic_selected_zero/c92fc8692ccbfe99e17c8f82.csv,c92fc8692ccbfe99e17c8f82
zero,71,5,STATIC-REGIONAL,raw/kaggle/selected_zero/f410f7064c081e00/dynamic_selected_zero/83b0f698bd1e616f5b129b9d.csv,83b0f698bd1e616f5b129b9d
zero,11,8,STATIC-REGIONAL,raw/kaggle/selected_zero/f410f7064c081e00/dynamic_selected_zero/9d75793d86e2dd9e9e8af284.csv,9d75793d86e2dd9e9e8af284
zero,37,2,STATIC-REGIONAL,raw/kaggle/selected_zero/f410f7064c081e00/dynamic_selected_zero/19022a482c3f6bf0260dafef.csv,19022a482c3f6bf0260dafef
zero,23,3,ADAPT-V1,raw/kaggle/selected_zero/f410f7064c081e00/dynamic_selected_zero/94de32f7443039430a6ac04b.csv,94de32f7443039430a6ac04b
zero,53,1,ADAPT-V1,raw/kaggle/selected_zero/f410f7064c081e00/dynamic_selected_zero/777abcd2f05929e581f6a04c.csv,777abcd2f05929e581f6a04c
zero,53,3,ADAPT-V2,raw/kaggle/selected_zero/f410f7064c081e00/dynamic_selected_zero/3a4332530b31569d15dc06c8.csv,3a4332530b31569d15dc06c8
zero,53,9,STATIC-REGIONAL,raw/kaggle/selected_zero/f410f7064c081e00/dynamic_selected_zero/750c9427f2dafc62c4382653.csv,750c9427f2dafc62c4382653
zero,71,4,ADAPT-V2,raw/kaggle/selected_zero/f410f7064c081e00/dynamic_selected_zero/fa52b0373135f288d0bb67ed.csv,fa52b0373135f288d0bb67ed
zero,37,6,ADAPT-V1,raw/kaggle/selected_zero/f410f7064c081e00/dynamic_selected_zero/493f357cffc215124c67c0fe.csv,493f357cffc215124c67c0fe
zero,23,6,ADAPT-V2,raw/kaggle/selected_zero/f410f7064c081e00/dynamic_selected_zero/2cf3942de9392f8b347824f8.csv,2cf3942de9392f8b347824f8
zero,11,7,ADAPT-V1,raw/kaggle/selected_zero/f410f7064c081e00/dynamic_selected_zero/8ad87209822709917845c2ea.csv,8ad87209822709917845c2ea
zero,37,3,ADAPT-V1,raw/kaggle/selected_zero/f410f7064c081e00/dynamic_selected_zero/873da2aa48685085f70639c3.csv,873da2aa48685085f70639c3
zero,11,4,ADAPT-V2,raw/kaggle/selected_zero/f410f7064c081e00/dynamic_selected_zero/b91f97b92383a4af57aaef84.csv,b91f97b92383a4af57aaef84
zero,71,6,STATIC-REGIONAL,raw/kaggle/selected_zero/f410f7064c081e00/dynamic_selected_zero/42cfc3c9a692ce1787413143.csv,42cfc3c9a692ce1787413143
zero,71,2,STATIC-REGIONAL,raw/kaggle/selected_zero/f410f7064c081e00/dynamic_selected_zero/28903d88b59295238fce47b5.csv,28903d88b59295238fce47b5
zero,11,6,ADAPT-V2,raw/kaggle/selected_zero/f410f7064c081e00/dynamic_selected_zero/7970839244df5d6ce659aa59.csv,7970839244df5d6ce659aa59
zero,53,4,ADAPT-V1,raw/kaggle/selected_zero/f410f7064c081e00/dynamic_selected_zero/8e2848628a11411c9de357c1.csv,8e2848628a11411c9de357c1
zero,23,1,ADAPT-V2,raw/kaggle/selected_zero/f410f7064c081e00/dynamic_selected_zero/412a5abd649348d32ad1961b.csv,412a5abd649348d32ad1961b
zero,23,7,ADAPT-V2,raw/kaggle/selected_zero/f410f7064c081e00/dynamic_selected_zero/97cebe55245c54910731a1bc.csv,97cebe55245c54910731a1bc
zero,71,8,STATIC-REGIONAL,raw/kaggle/selected_zero/f410f7064c081e00/dynamic_selected_zero/39d18c4871bc0de349e844ee.csv,39d18c4871bc0de349e844ee
zero,11,2,ADAPT-V1,raw/kaggle/selected_zero/f410f7064c081e00/dynamic_selected_zero/0d7d3d5738d0aeaaf5a53bb2.csv,0d7d3d5738d0aeaaf5a53bb2
zero,11,2,ADAPT-V2,raw/kaggle/selected_zero/f410f7064c081e00/dynamic_selected_zero/f8dbb57e866857f9b0beb7de.csv,f8dbb57e866857f9b0beb7de
zero,53,4,STATIC-REGIONAL,raw/kaggle/selected_zero/f410f7064c081e00/dynamic_selected_zero/cd3cb943a14ec6320b87b792.csv,cd3cb943a14ec6320b87b792
zero,11,1,ADAPT-V2,raw/kaggle/selected_zero/f410f7064c081e00/dynamic_selected_zero/7549ad5be311f5e0241e2952.csv,7549ad5be311f5e0241e2952
zero,53,3,STATIC-REGIONAL,raw/kaggle/selected_zero/f410f7064c081e00/dynamic_selected_zero/0fc7222a1fefd08507833091.csv,0fc7222a1fefd08507833091
zero,37,5,ADAPT-V1,raw/kaggle/selected_zero/f410f7064c081e00/dynamic_selected_zero/4bd78f8191237910ce63c375.csv,4bd78f8191237910ce63c375
zero,53,7,STATIC-REGIONAL,raw/kaggle/selected_zero/f410f7064c081e00/dynamic_selected_zero/1cf570cde817c6a514d75fb5.csv,1cf570cde817c6a514d75fb5
zero,11,1,STATIC-REGIONAL,raw/kaggle/selected_zero/f410f7064c081e00/dynamic_selected_zero/12137996a28dd075f5e875ce.csv,12137996a28dd075f5e875ce
zero,23,2,ADAPT-V2,raw/kaggle/selected_zero/f410f7064c081e00/dynamic_selected_zero/a9b8f21fd843c887f4e5aa69.csv,a9b8f21fd843c887f4e5aa69
zero,37,2,ADAPT-V1,raw/kaggle/selected_zero/f410f7064c081e00/dynamic_selected_zero/8ad5c7fb067dd30c94dba7c0.csv,8ad5c7fb067dd30c94dba7c0
zero,11,9,ADAPT-V2,raw/kaggle/selected_zero/f410f7064c081e00/dynamic_selected_zero/344e848cf8f3afe05a93fa05.csv,344e848cf8f3afe05a93fa05
zero,37,1,ADAPT-V1,raw/kaggle/selected_zero/f410f7064c081e00/dynamic_selected_zero/98f9810edfe4caa939e6067b.csv,98f9810edfe4caa939e6067b
zero,23,4,STATIC-REGIONAL,raw/kaggle/selected_zero/f410f7064c081e00/dynamic_selected_zero/9c4918c597bbeaa1ab1d66c3.csv,9c4918c597bbeaa1ab1d66c3
zero,11,4,STATIC-REGIONAL,raw/kaggle/selected_zero/f410f7064c081e00/dynamic_selected_zero/39e1449736eec31aef7eb191.csv,39e1449736eec31aef7eb191
zero,53,3,ADAPT-V1,raw/kaggle/selected_zero/f410f7064c081e00/dynamic_selected_zero/e76aa6ad4b9233892aa3f596.csv,e76aa6ad4b9233892aa3f596
zero,71,2,ADAPT-V2,raw/kaggle/selected_zero/f410f7064c081e00/dynamic_selected_zero/d295df10c4e1b288c1e6c6fe.csv,d295df10c4e1b288c1e6c6fe
zero,37,1,ADAPT-V2,raw/kaggle/selected_zero/f410f7064c081e00/dynamic_selected_zero/1bd24ac0531bf7250431b04f.csv,1bd24ac0531bf7250431b04f
zero,37,9,ADAPT-V1,raw/kaggle/selected_zero/f410f7064c081e00/dynamic_selected_zero/8012f505938dff87fd550a78.csv,8012f505938dff87fd550a78
zero,37,0,ADAPT-V2,raw/kaggle/selected_zero/f410f7064c081e00/dynamic_selected_zero/ec7191b0ca02623fa3ed68b8.csv,ec7191b0ca02623fa3ed68b8
zero,23,7,ADAPT-V1,raw/kaggle/selected_zero/f410f7064c081e00/dynamic_selected_zero/08d831ee8a9d60b1ee8705d4.csv,08d831ee8a9d60b1ee8705d4
zero,23,2,STATIC-REGIONAL,raw/kaggle/selected_zero/f410f7064c081e00/dynamic_selected_zero/65307a10f73bb948e5735824.csv,65307a10f73bb948e5735824
zero,11,0,STATIC-REGIONAL,raw/kaggle/selected_zero/f410f7064c081e00/dynamic_selected_zero/32631b9f8e6adaddbdb9edc2.csv,32631b9f8e6adaddbdb9edc2
zero,53,9,ADAPT-V2,raw/kaggle/selected_zero/f410f7064c081e00/dynamic_selected_zero/4421f9c2e90cbf7e50488b85.csv,4421f9c2e90cbf7e50488b85
zero,37,6,ADAPT-V2,raw/kaggle/selected_zero/f410f7064c081e00/dynamic_selected_zero/8a58863cd8148bf7fbe50f40.csv,8a58863cd8148bf7fbe50f40
zero,23,5,STATIC-REGIONAL,raw/kaggle/selected_zero/f410f7064c081e00/dynamic_selected_zero/723603d7d74dc26b5f45ad71.csv,723603d7d74dc26b5f45ad71
zero,23,5,ADAPT-V1,raw/kaggle/selected_zero/f410f7064c081e00/dynamic_selected_zero/21d8b50741bd64ccced2e3db.csv,21d8b50741bd64ccced2e3db
zero,71,7,STATIC-REGIONAL,raw/kaggle/selected_zero/f410f7064c081e00/dynamic_selected_zero/e96c42cf570d324327906db2.csv,e96c42cf570d324327906db2
zero,53,1,ADAPT-V2,raw/kaggle/selected_zero/f410f7064c081e00/dynamic_selected_zero/95f63ed5ae449b25334113af.csv,95f63ed5ae449b25334113af
zero,23,4,ADAPT-V2,raw/kaggle/selected_zero/f410f7064c081e00/dynamic_selected_zero/e960722d927d896cb0cd9ee3.csv,e960722d927d896cb0cd9ee3
zero,23,0,ADAPT-V1,raw/kaggle/selected_zero/f410f7064c081e00/dynamic_selected_zero/4d3864b0e12e2dec9a3486c5.csv,4d3864b0e12e2dec9a3486c5
zero,37,5,STATIC-REGIONAL,raw/kaggle/selected_zero/f410f7064c081e00/dynamic_selected_zero/9099ef42a66a66dbf505e8f8.csv,9099ef42a66a66dbf505e8f8
zero,23,4,ADAPT-V1,raw/kaggle/selected_zero/f410f7064c081e00/dynamic_selected_zero/c7bb3590834bfe0d4d96d24b.csv,c7bb3590834bfe0d4d96d24b
zero,37,0,STATIC-REGIONAL,raw/kaggle/selected_zero/f410f7064c081e00/dynamic_selected_zero/ecd7409225de25c950f06ffc.csv,ecd7409225de25c950f06ffc
zero,37,6,STATIC-REGIONAL,raw/kaggle/selected_zero/f410f7064c081e00/dynamic_selected_zero/f0913c0d7c522c7649a63402.csv,f0913c0d7c522c7649a63402
zero,53,7,ADAPT-V1,raw/kaggle/selected_zero/f410f7064c081e00/dynamic_selected_zero/a6493509686aef4ca2496e4b.csv,a6493509686aef4ca2496e4b
zero,71,3,STATIC-REGIONAL,raw/kaggle/selected_zero/f410f7064c081e00/dynamic_selected_zero/35094d133fdd09980adae4e5.csv,35094d133fdd09980adae4e5
zero,71,8,ADAPT-V2,raw/kaggle/selected_zero/f410f7064c081e00/dynamic_selected_zero/52ec8522d0ee0e155e77d3e2.csv,52ec8522d0ee0e155e77d3e2
zero,23,8,ADAPT-V1,raw/kaggle/selected_zero/f410f7064c081e00/dynamic_selected_zero/de2a0fd1d5fe3c8ef93586ce.csv,de2a0fd1d5fe3c8ef93586ce
zero,37,2,ADAPT-V2,raw/kaggle/selected_zero/f410f7064c081e00/dynamic_selected_zero/d35f43929244bf4e74de513f.csv,d35f43929244bf4e74de513f
zero,53,5,ADAPT-V2,raw/kaggle/selected_zero/f410f7064c081e00/dynamic_selected_zero/5a6cf8f9d6638f261721c0e6.csv,5a6cf8f9d6638f261721c0e6
zero,37,8,STATIC-REGIONAL,raw/kaggle/selected_zero/f410f7064c081e00/dynamic_selected_zero/b91650ec8e6a7997f2b245f1.csv,b91650ec8e6a7997f2b245f1
zero,37,7,ADAPT-V1,raw/kaggle/selected_zero/f410f7064c081e00/dynamic_selected_zero/4dd2485b89e0159e13016a6c.csv,4dd2485b89e0159e13016a6c
zero,23,9,STATIC-REGIONAL,raw/kaggle/selected_zero/f410f7064c081e00/dynamic_selected_zero/b358dc72363355e981aa9962.csv,b358dc72363355e981aa9962
zero,23,6,STATIC-REGIONAL,raw/kaggle/selected_zero/f410f7064c081e00/dynamic_selected_zero/de9a7eca7d440193a62de157.csv,de9a7eca7d440193a62de157
zero,71,8,ADAPT-V1,raw/kaggle/selected_zero/f410f7064c081e00/dynamic_selected_zero/da1a4382735a8d9d7afd0859.csv,da1a4382735a8d9d7afd0859
zero,53,8,STATIC-REGIONAL,raw/kaggle/selected_zero/f410f7064c081e00/dynamic_selected_zero/f5e093fa9865030d7bc9abe3.csv,f5e093fa9865030d7bc9abe3
zero,23,5,ADAPT-V2,raw/kaggle/selected_zero/f410f7064c081e00/dynamic_selected_zero/2001d222b572c189582abf5c.csv,2001d222b572c189582abf5c
zero,53,8,ADAPT-V2,raw/kaggle/selected_zero/f410f7064c081e00/dynamic_selected_zero/be7e29801acf774e3db08955.csv,be7e29801acf774e3db08955
zero,53,9,ADAPT-V1,raw/kaggle/selected_zero/f410f7064c081e00/dynamic_selected_zero/7b18aba34ded77446e9b8cd8.csv,7b18aba34ded77446e9b8cd8
zero,53,7,ADAPT-V2,raw/kaggle/selected_zero/f410f7064c081e00/dynamic_selected_zero/cba93dedd8f24e042b22b57d.csv,cba93dedd8f24e042b22b57d
zero,53,5,STATIC-REGIONAL,raw/kaggle/selected_zero/f410f7064c081e00/dynamic_selected_zero/9cc343e1e97cc930d7958679.csv,9cc343e1e97cc930d7958679
zero,37,7,STATIC-REGIONAL,raw/kaggle/selected_zero/f410f7064c081e00/dynamic_selected_zero/bf2a4c6a24d7b4aec4ce0fef.csv,bf2a4c6a24d7b4aec4ce0fef
zero,11,1,ADAPT-V1,raw/kaggle/selected_zero/f410f7064c081e00/dynamic_selected_zero/c790af14696d42d45e250e1c.csv,c790af14696d42d45e250e1c
zero,71,3,ADAPT-V2,raw/kaggle/selected_zero/f410f7064c081e00/dynamic_selected_zero/587b171735bb58fad7edf4ac.csv,587b171735bb58fad7edf4ac
zero,11,0,ADAPT-V2,raw/kaggle/selected_zero/f410f7064c081e00/dynamic_selected_zero/9f63c7009f3d7aea140c7123.csv,9f63c7009f3d7aea140c7123
zero,11,6,STATIC-REGIONAL,raw/kaggle/selected_zero/f410f7064c081e00/dynamic_selected_zero/6e799a6514daa1461ca9b6dd.csv,6e799a6514daa1461ca9b6dd
zero,37,1,STATIC-REGIONAL,raw/kaggle/selected_zero/f410f7064c081e00/dynamic_selected_zero/8f96bd87064cc0d42d9bccab.csv,8f96bd87064cc0d42d9bccab
zero,11,9,ADAPT-V1,raw/kaggle/selected_zero/f410f7064c081e00/dynamic_selected_zero/6c1c545626688fca9f162ab0.csv,6c1c545626688fca9f162ab0
zero,11,5,STATIC-REGIONAL,raw/kaggle/selected_zero/f410f7064c081e00/dynamic_selected_zero/d80749d065b90bda486a5ea3.csv,d80749d065b90bda486a5ea3
zero,53,2,STATIC-REGIONAL,raw/kaggle/selected_zero/f410f7064c081e00/dynamic_selected_zero/a886debc064ac638378bab63.csv,a886debc064ac638378bab63
zero,37,8,ADAPT-V2,raw/kaggle/selected_zero/f410f7064c081e00/dynamic_selected_zero/bb98f4e8da7f8084a572a19d.csv,bb98f4e8da7f8084a572a19d
zero,37,3,ADAPT-V2,raw/kaggle/selected_zero/f410f7064c081e00/dynamic_selected_zero/26cb39622f7ef7b8dce96b11.csv,26cb39622f7ef7b8dce96b11
zero,11,9,STATIC-REGIONAL,raw/kaggle/selected_zero/f410f7064c081e00/dynamic_selected_zero/f8e7cf7af0a3c8beaf4bd82a.csv,f8e7cf7af0a3c8beaf4bd82a
zero,11,3,STATIC-REGIONAL,raw/kaggle/selected_zero/f410f7064c081e00/dynamic_selected_zero/a5dbe1d5951a07405798adde.csv,a5dbe1d5951a07405798adde
zero,23,3,ADAPT-V2,raw/kaggle/selected_zero/f410f7064c081e00/dynamic_selected_zero/af5c026d9d75880c6dd03402.csv,af5c026d9d75880c6dd03402
zero,53,4,ADAPT-V2,raw/kaggle/selected_zero/f410f7064c081e00/dynamic_selected_zero/203c0aac80490e803b801e62.csv,203c0aac80490e803b801e62
zero,23,7,STATIC-REGIONAL,raw/kaggle/selected_zero/f410f7064c081e00/dynamic_selected_zero/1e16f78e77630561481c0d91.csv,1e16f78e77630561481c0d91
zero,11,7,ADAPT-V2,raw/kaggle/selected_zero/f410f7064c081e00/dynamic_selected_zero/b041419089f33482dc46ba18.csv,b041419089f33482dc46ba18
zero,23,9,ADAPT-V1,raw/kaggle/selected_zero/f410f7064c081e00/dynamic_selected_zero/a38a2deefee040ac294393a4.csv,a38a2deefee040ac294393a4
zero,11,0,ADAPT-V1,raw/kaggle/selected_zero/f410f7064c081e00/dynamic_selected_zero/3a4517609fbd97ea0354b6a7.csv,3a4517609fbd97ea0354b6a7
zero,11,7,STATIC-REGIONAL,raw/kaggle/selected_zero/f410f7064c081e00/dynamic_selected_zero/6293a96fcfb11ed24e2e1c8d.csv,6293a96fcfb11ed24e2e1c8d
zero,11,3,ADAPT-V2,raw/kaggle/selected_zero/f410f7064c081e00/dynamic_selected_zero/ed3293b7bcd45a53c36dd811.csv,ed3293b7bcd45a53c36dd811
zero,53,2,ADAPT-V1,raw/kaggle/selected_zero/f410f7064c081e00/dynamic_selected_zero/33d17d7d59052f98d150c85e.csv,33d17d7d59052f98d150c85e
